|Restrição de Atendimento|Escola|Código INEP|UF|Município|Localização|Localidade Diferenciada|Categoria Administrativa|Endereço|Telefone|Dependência Administrativa|Categoria Escola Privada|Conveniada Poder Público|Regulamentação pelo Conselho de Educação|Porte da Escola|Etapas e Modalidade de Ensino Oferecidas|Outras Ofertas Educacionais|Latitude|Longitude
193767|ESCOLA EM FUNCIONAMENTO E SEM RESTRIÇÃO DE ATENDIMENTO|COLEGIO TIRADENTES PELOTAS|43000304|RS|Pelotas|Urbana|A escola não está em área de localização diferenciada|Pública|AV DUQUE DE CAXIAS 546, 546 FRAGATA. 96030-003 Pelotas - RS.|(53) 32812866|Estadual|Não Informado|Não|Sim|Entre 51 e 200 matrículas de escolarização|Ensino Médio||-31.75663253|-52.37317451
193828|ESCOLA EM FUNCIONAMENTO E SEM RESTRIÇÃO DE ATENDIMENTO|EEI MUNDO DO MICKEY|43001173|RS|Pelotas|Urbana|A escola não está em área de localização diferenciada|Privada|RUA BALDOMERO TRAPAGA, 132 PORTO. 96075-540 Pelotas - RS.|(53) 32279908|Privada|Particular|Não|Sim|Até 50 matrículas de escolarização|Educação Infantil||-31.77139|-52.32994
193902|ESCOLA EM FUNCIONAMENTO E SEM RESTRIÇÃO DE ATENDIMENTO|EEI CHAPEUZINHO VERMELHO|43002145|RS|Pelotas|Urbana|A escola não está em área de localização diferenciada|Privada|RUA BARAO DE SANTA TECLA, 621 CENTRO. 96010-140 Pelotas - RS.|(53) 81265782|Privada|Particular|Não|Sim|Até 50 matrículas de escolarização|Educação Infantil||-31.76221|-52.34358
193985|ESCOLA EM FUNCIONAMENTO E SEM RESTRIÇÃO DE ATENDIMENTO|EEF TRES VENDAS|43003222|RS|Pelotas|Urbana|A escola não está em área de localização diferenciada|Privada|RUA DOUTOR BRUNO CHAVES, 300 TRES VENDAS. 96055-040 Pelotas - RS.|(53) 33216780|Privada|Particular|Não|Sim|Entre 501 e 1000 matrículas de escolarização|Ensino Fundamental||-31.73143833|-52.346365
193987|ESCOLA EM FUNCIONAMENTO E SEM RESTRIÇÃO DE ATENDIMENTO|EEI REINO AZUL|43003249|RS|Pelotas|Urbana|A escola não está em área de localização diferenciada|Privada|AVENIDA DUQUE DE CAXIAS, 336 70. FRAGATA. 96030-002 Pelotas - RS.|(53) 32784655|Privada|Particular|Não|Sim|Até 50 matrículas de escolarização|Educação Infantil||-31.75871|-52.36329
193990|ESCOLA EM FUNCIONAMENTO E SEM RESTRIÇÃO DE ATENDIMENTO|CEI ESPACO CRIANCA|43003273|RS|Pelotas|Urbana|A escola não está em área de localização diferenciada|Privada|AVENIDA DOM JOAQUIM, 997 CENTRO. 96020-440 Pelotas - RS.|(53) 32271007|Privada|Particular|Não|Sim|Até 50 matrículas de escolarização|Educação Infantil||-31.7553|-52.3353
193991|ESCOLA PARALISADA|EEI CURUMIM|43003281|RS|Pelotas|Urbana|Não Informado|Privada|RUA ANDRADE NEVES, 2323 CENTRO. 96020-080 Pelotas - RS.||Privada|Não Informado|Não|||||-31.76366|-52.33558
193992|ESCOLA PARALISADA|EEI CARROSSEL ENCANTADO|43003290|RS|Pelotas|Urbana|Não Informado|Privada|RUA SENADOR CRUZ JOBIM, AREAL. 96077-250 Pelotas - RS.|(53) 32285622|Privada|Não Informado|Não|||||-31.75507|-52.30366
193994|ESCOLA PARALISADA|EEI ALGODAO DOCE|43003311|RS|Pelotas|Urbana|Não Informado|Privada|RUA CORONEL ALBERTO ROSA, 164 CENTRO. 96010-770 Pelotas - RS.|(53) 33072607|Privada|Não Informado|Não|||||-31.77846|-52.33921
193996|ESCOLA PARALISADA|EEI KROCODILLO|43003338|RS|Pelotas|Urbana|Não Informado|Privada|PARQUE DOM ANTONIO ZATTERA, 175 CASA. CENTRO. 96015-180 Pelotas - RS.|(53) 32271627|Privada|Não Informado|Não|||||-31.76135|-52.33904
193997|ESCOLA PARALISADA|EEI SONHO MEU|43003346|RS|Pelotas|Urbana|Não Informado|Privada|RUA MARECHAL DEODORO, 965 CENTRO. 96020-220 Pelotas - RS.|(53) 30256167|Privada|Não Informado|Não|||||-31.76196|-52.34232
194216|ESCOLA EM FUNCIONAMENTO E SEM RESTRIÇÃO DE ATENDIMENTO|EEI POUCA IDADE|43006000|RS|Pelotas|Urbana|A escola não está em área de localização diferenciada|Privada|RUA PADRE ANCHIETA, 3790 CENTRO. 96015-420 Pelotas - RS.|(53) 981146255|Privada|Particular|Não|Sim|Até 50 matrículas de escolarização|Educação Infantil||-31.75881|-52.33961
194219|ESCOLA PARALISADA|EEI PEQUENO APRENDIZ|43006035|RS|Pelotas|Urbana|Não Informado|Privada|RUA JOAO JACOB BAINY, 381 CASA 2. TRES VENDAS. 96065-340 Pelotas - RS.|(53) 981610987|Privada|Não Informado|Não|||||-31.72992|-52.35159
194220|ESCOLA EM FUNCIONAMENTO E SEM RESTRIÇÃO DE ATENDIMENTO|EEI PEQUENA ESTRELA|43006043|RS|Pelotas|Urbana|A escola não está em área de localização diferenciada|Privada|AVENIDA ITALIA, 294 AREAL. 96080-590 Pelotas - RS.|(53) 991002843|Privada|Particular|Não|Sim|Até 50 matrículas de escolarização|Educação Infantil||-31.7465|-52.31923
194222|ESCOLA PARALISADA|EEI EXCELENCIA|43006060|RS|Pelotas|Urbana|Não Informado|Privada|RUA GENERAL NETO, 1707 CENTRO. 96015-280 Pelotas - RS.|(53) 32289527|Privada|Não Informado|Não|||||-31.76221|-52.34335
194225|ESCOLA EM FUNCIONAMENTO E SEM RESTRIÇÃO DE ATENDIMENTO|EEI 101 DALMATAS|43006094|RS|Pelotas|Urbana|A escola não está em área de localização diferenciada|Privada|AVENIDA ARTUR DE SOUZA COSTA, 406 CASA. PORTO. 96075-520 Pelotas - RS.|(53) 33058591|Privada|Particular|Não|Sim|Até 50 matrículas de escolarização|Educação Infantil||-31.77401|-52.32863
194242|ESCOLA PARALISADA|EEI SEMENTEIRA|43006302|RS|Pelotas|Urbana|Não Informado|Privada|RUA IARA SILVA, 107 BLOCO 93. FRAGATA. 96040-330 Pelotas - RS.|(53) 84293986|Privada|Não Informado|Não|||||-31.74357|-52.36919
195788|ESCOLA PARALISADA|CRI BALAO MAGICO|43040438|RS|Pelotas|Urbana|Não Informado|Privada|RUA VOLUNTARIOS DA PATRIA, 672 CENTRO. 96020-360 Pelotas - RS.|(53) 84060828|Privada|Não Informado|Não|||||-31.76396|-52.34684
195797|ESCOLA PARALISADA|EEI ERA UMA VEZ|43040985|RS|Pelotas|Urbana|Não Informado|Privada|RUA ARTHUR RAUBACH, 286 SITIO FLORESTA. 96070-510 Pelotas - RS.|(53) 984251334|Privada|Não Informado|Não|||||-31.69187|-52.35667
195920|ESCOLA PARALISADA|EEI RAIOS DE SOL|43043771|RS|Pelotas|Urbana|Não Informado|Privada|RUA ALMIRANTE BARROSO, 1555 CENTRO. 96010-330 Pelotas - RS.|(53) 30289010|Privada|Não Informado|Não|||||-31.77267|-52.33168
195947|ESCOLA PARALISADA|EEI CRISTA RENASCER|43044123|RS|Pelotas|Urbana|Não Informado|Privada|AVENIDA SENADOR SALGADO FILHO, 121 TRES VENDAS. 96055-740 Pelotas - RS.|(53) 32741112|Privada|Não Informado|Não|||||-31.7367|-52.32846
195961|ESCOLA EM FUNCIONAMENTO E SEM RESTRIÇÃO DE ATENDIMENTO|EEI UPIA|43044280|RS|Pelotas|Urbana|A escola não está em área de localização diferenciada|Privada|RUA GENERAL OSORIO, 1165 CENTRO. 96020-000 Pelotas - RS.|(53) 33051608|Privada|Particular|Não|Em Tramitação|Até 50 matrículas de escolarização|Educação Infantil||-31.75795|-52.33819
195963|ESCOLA PARALISADA|EEI RECRIAR|43044301|RS|Pelotas|Urbana|Não Informado|Privada|RUA GONCALVES CHAVES, 3448 CENTRO. 96015-560 Pelotas - RS.||Privada|Não Informado|Não|||||-31.75604|-52.33285
195985|ESCOLA EM FUNCIONAMENTO E SEM RESTRIÇÃO DE ATENDIMENTO|EEI ESPACO EDUCAR II|43044859|RS|Pelotas|Urbana|A escola não está em área de localização diferenciada|Privada|RUA ANTONIO DOS ANJOS, 331 CENTRO. 96020-700 Pelotas - RS.|(53) 33071826|Privada|Particular|Não|Sim|Até 50 matrículas de escolarização|Educação Infantil||-31.75671|-52.33463
198155|ESCOLA EM FUNCIONAMENTO E SEM RESTRIÇÃO DE ATENDIMENTO|COLEGIO GONZAGA|43100007|RS|Pelotas|Urbana|A escola não está em área de localização diferenciada|Privada|PRACA JOSE BONIFACIO, 166 ---. CENTRO. 96015-170 Pelotas - RS.|(53) 32849400|Privada|Particular|Não|Sim|Mais de 1000 matrículas de escolarização|Ensino Fundamental, Ensino Médio|Atendimento Educacional Especializado|-31.7634|-52.33885
198156|ESCOLA EM FUNCIONAMENTO E SEM RESTRIÇÃO DE ATENDIMENTO|ESCOLA DE ENSINO FUNDAMENTAL SANTA HELENA|43100015|RS|Pelotas|Urbana|A escola não está em área de localização diferenciada|Privada|RUA ANDRADE NEVES, 2929 CENTRO. 96020-080 Pelotas - RS.|(53) 32275754|Privada|Particular|Não|Sim|Entre 51 e 200 matrículas de escolarização|Educação Infantil, Ensino Fundamental||-31.75852|-52.33837
198157|ESCOLA EM FUNCIONAMENTO E SEM RESTRIÇÃO DE ATENDIMENTO|COLEGIO SAO JOSE|43100031|RS|Pelotas|Urbana|A escola não está em área de localização diferenciada|Privada|RUA FELIX XAVIER DA CUNHA, 400 CENTRO. 96010-000 Pelotas - RS.|(53) 32258477|Privada|Filantrópica|Não|Sim|Mais de 1000 matrículas de escolarização|Educação Infantil, Ensino Fundamental, Ensino Médio||-31.775265|-52.3420884
198158|ESCOLA EM FUNCIONAMENTO E SEM RESTRIÇÃO DE ATENDIMENTO|IFSUL - CAMPUS PELOTAS VISCONDE DA GRACA|43100058|RS|Pelotas|Urbana|A escola não está em área de localização diferenciada|Pública|AVENIDA ENGENHEIRO ILDEFONSO SIMOES LOPES, 2791 TRES VENDAS. 96060-290 Pelotas - RS.|(53) 33095550|Federal|Não Informado|Não|Sim|Mais de 1000 matrículas de escolarização|Ensino Médio, Educação Profissional||-31.71402|-52.31251
198159|ESCOLA EM FUNCIONAMENTO E SEM RESTRIÇÃO DE ATENDIMENTO|EEE PROFIS JOAO XXIII|43100066|RS|Pelotas|Urbana|A escola não está em área de localização diferenciada|Pública|R SETE DE SETEMBRO 201, 201 CENTRO. 96015-300 Pelotas - RS.|(53) 32226966|Estadual|Não Informado|Não|Sim|Entre 201 e 500 matrículas de escolarização|Educação Profissional||-31.76866|-52.33961
198160|ESCOLA EM FUNCIONAMENTO E SEM RESTRIÇÃO DE ATENDIMENTO|COL ESTADUAL DOM JOAO BRAGA|43100074|RS|Pelotas|Urbana|A escola não está em área de localização diferenciada|Pública|R BENTO MARTINS 1656, 1656 CENTRO. 96010-430 Pelotas - RS.|(53) 32254269|Estadual|Não Informado|Não|Sim|Entre 201 e 500 matrículas de escolarização|Ensino Fundamental, Ensino Médio, Educação de Jovens Adultos||-31.76834836|-52.33258837
198161|ESCOLA EM FUNCIONAMENTO E SEM RESTRIÇÃO DE ATENDIMENTO|ESC EST ENS MED MONSENHOR QUEIROZ|43100082|RS|Pelotas|Urbana|A escola não está em área de localização diferenciada|Pública|R DR MIGUEL BARCELOS 563, 563 CENTRO. 96015-150 Pelotas - RS.|(53) 32226655|Estadual|Não Informado|Não|Sim|Entre 201 e 500 matrículas de escolarização|Ensino Médio||-31.76462734|-52.33721044
198162|ESCOLA EM FUNCIONAMENTO E SEM RESTRIÇÃO DE ATENDIMENTO|ESC EST ENS MED NOSSA SENHORA DE LOURDES|43100090|RS|Pelotas|Urbana|A escola não está em área de localização diferenciada|Pública|R GENERAL OSORIO 559, 559 CENTRO. 96020-000 Pelotas - RS.|(53) 32254870|Estadual|Não Informado|Não|Sim|Entre 501 e 1000 matrículas de escolarização|Ensino Médio||-31.77019|-52.34464333
198163|ESCOLA EM FUNCIONAMENTO E SEM RESTRIÇÃO DE ATENDIMENTO|COL MUNICIPAL PELOTENSE|43100104|RS|Pelotas|Urbana|A escola não está em área de localização diferenciada|Pública|RUA MARCILIO DIAS, 1597 CENTRO. 96020-480 Pelotas - RS.|(53) 32258293|Municipal|Não Informado|Não|Sim|Mais de 1000 matrículas de escolarização|Educação Infantil, Ensino Fundamental, Ensino Médio, Educação Profissional, Educação de Jovens Adultos|Atendimento Educacional Especializado|-31.75903|-52.34665
198164|ESCOLA PARALISADA|EMEF ALMIRANTE TAMANDARE|43100139|RS|Pelotas|Rural|Não Informado|Pública|COLONIA DONA JULIA, 4º DISTRITO. 96145-000 Pelotas - RS.|(53) 84544405|Municipal|Não Informado|Não|||||-31.40398|-52.46499
198166|ESCOLA EM FUNCIONAMENTO E SEM RESTRIÇÃO DE ATENDIMENTO|EMEF NESTOR ELIZEU CROCHEMORE|43100155|RS|Pelotas|Rural|Área remanescente de quilombos|Pública|VILA NOVA 7º DISTRITO, S/N 96145-000 Pelotas - RS.|(53) 32247272|Municipal|Não Informado|Não|Sim|Entre 201 e 500 matrículas de escolarização|Educação Infantil, Ensino Fundamental|Atendimento Educacional Especializado|-31.54247|-52.46511
198167|ESCOLA EM FUNCIONAMENTO E SEM RESTRIÇÃO DE ATENDIMENTO|EMEF ANTONIO RONNA|43100163|RS|Pelotas|Urbana|A escola não está em área de localização diferenciada|Pública|AVENIDA PRINCESA DO SUL, 3155 VILA PRINCESA. TRES VENDAS. 96072-014 Pelotas - RS.|(53) 32780731|Municipal|Não Informado|Não|Sim|Entre 501 e 1000 matrículas de escolarização|Educação Infantil, Ensino Fundamental, Educação de Jovens Adultos|Atendimento Educacional Especializado, Atividade Complementar|-31.65237|-52.33326
198170|ESCOLA EM FUNCIONAMENTO E SEM RESTRIÇÃO DE ATENDIMENTO|ESC ENS MEDIO ERICO VERISSIMO|43100260|RS|Pelotas|Urbana|A escola não está em área de localização diferenciada|Privada|RUA QUINZE DE NOVEMBRO, 902 CENTRO. 96015-000 Pelotas - RS.|(53) 30276681|Privada|Particular|Não|Sim|Entre 501 e 1000 matrículas de escolarização|Educação Infantil, Ensino Fundamental, Ensino Médio||-31.76244|-52.3386
198171|ESCOLA EM FUNCIONAMENTO E SEM RESTRIÇÃO DE ATENDIMENTO|EMEF CORONEL ALBERTO ROSA|43100279|RS|Pelotas|Rural|A escola não está em área de localização diferenciada|Pública|RUA PRINCIPAL, 0 DISTRITO COLONIA CORRIENTES. 96099-000 Pelotas - RS.|(53) 32771134|Municipal|Não Informado|Não|Sim|Entre 51 e 200 matrículas de escolarização|Educação Infantil, Ensino Fundamental, Educação de Jovens Adultos|Atendimento Educacional Especializado, Atividade Complementar|-31.47748|-52.21402
198172|ESCOLA EM FUNCIONAMENTO E SEM RESTRIÇÃO DE ATENDIMENTO|EMEF DOM FRANCISCO DE CAMPOS BARRETO|43100309|RS|Pelotas|Urbana|A escola não está em área de localização diferenciada|Pública|RUA TRIUNFO, 2257 LARANJAL. 96090-790 Pelotas - RS.|(53) 32263122|Municipal|Não Informado|Não|Sim|Entre 201 e 500 matrículas de escolarização|Educação Infantil, Ensino Fundamental|Atendimento Educacional Especializado, Atividade Complementar|-31.77086|-52.23196
198173|ESCOLA EM FUNCIONAMENTO E SEM RESTRIÇÃO DE ATENDIMENTO|EMEF DONA MARIA ANTONIA|43100317|RS|Pelotas|Urbana|A escola não está em área de localização diferenciada|Pública|AVENIDA VINTE E CINCO DE JULHO, 2497 TRES VENDAS. 96065-620 Pelotas - RS.|(53) 39216185|Municipal|Não Informado|Não|Sim|Entre 51 e 200 matrículas de escolarização|Educação Infantil, Ensino Fundamental|Atendimento Educacional Especializado, Atividade Complementar|-31.71515|-52.36489
198174|ESCOLA EM FUNCIONAMENTO E SEM RESTRIÇÃO DE ATENDIMENTO|EMEF DONA MARIA JOAQUINA|43100325|RS|Pelotas|Rural|A escola não está em área de localização diferenciada|Pública|ESTRADA CERRITO ALEGRE, SN ZONA RURAL. 3º DISTRITO. 96105-000 Pelotas - RS.|(53) 32239037|Municipal|Não Informado|Não|Sim|Entre 51 e 200 matrículas de escolarização|Educação Infantil, Ensino Fundamental|Atendimento Educacional Especializado, Atividade Complementar|-31.59068|-52.34977
198175|ESCOLA EM FUNCIONAMENTO E SEM RESTRIÇÃO DE ATENDIMENTO|EMEF BRUNO CHAVES|43100341|RS|Pelotas|Rural|A escola não está em área de localização diferenciada|Pública|ESTRADA DO RINCAO DA HIDRAULICA, ZONA RURAL. 9 DISTRITO. 96140-000 Pelotas - RS.|(53) 41411924|Municipal|Não Informado|Não|Sim|Entre 51 e 200 matrículas de escolarização|Educação Infantil, Ensino Fundamental|Atividade Complementar|-31.69085|-52.5143
198177|ESCOLA EM FUNCIONAMENTO E SEM RESTRIÇÃO DE ATENDIMENTO|EMEF ERASMO BRAGA|43100422|RS|Pelotas|Rural|Área remanescente de quilombos|Pública|COLONIA SANTO ANTONIO, 96145-000 Pelotas - RS.|(53) 984292904|Municipal|Não Informado|Não|Sim|Até 50 matrículas de escolarização|Educação Infantil, Ensino Fundamental|Atendimento Educacional Especializado|-31.48869|-52.48476
198178|ESCOLA EM FUNCIONAMENTO E SEM RESTRIÇÃO DE ATENDIMENTO|ESC ASSIST DE ENS FUN PROFESSORA ULINA BENTO LOPES|43100503|RS|Pelotas|Urbana|A escola não está em área de localização diferenciada|Privada|AVENIDA CIDADE DE RIO GRANDE, 541 SAO GONCALO. 96076-240 Pelotas - RS.|(53) 32225398|Privada|Particular|Não|Sim|Até 50 matrículas de escolarização|Ensino Fundamental||-31.77397|-52.3234
198181|ESCOLA EM FUNCIONAMENTO E SEM RESTRIÇÃO DE ATENDIMENTO|ESCOLA FUNDAMENTAL LA SALLE PELOTAS|43100597|RS|Pelotas|Urbana|A escola não está em área de localização diferenciada|Privada|RUA MARQUES DE MARICA, 142 CRUZEIRO DO SUL. 96075-140 Pelotas - RS.|(53) 32793701|Privada|Confessional|Não|Sim|Entre 501 e 1000 matrículas de escolarização|Ensino Fundamental|Atendimento Educacional Especializado|-31.76398|-52.32711
198183|ESCOLA EM FUNCIONAMENTO E SEM RESTRIÇÃO DE ATENDIMENTO|EMEF INDEPENDENCIA|43100619|RS|Pelotas|Urbana|A escola não está em área de localização diferenciada|Pública|RUA PAULO ACI TEIXEIRA, 535 SITIO FLORESTA. TRES VENDAS. 96070-137 Pelotas - RS.|(53) 32789305|Municipal|Não Informado|Não|Sim|Entre 501 e 1000 matrículas de escolarização|Educação Infantil, Ensino Fundamental, Educação de Jovens Adultos|Atendimento Educacional Especializado, Atividade Complementar|-31.68913|-52.35476
198185|ESCOLA EM FUNCIONAMENTO E SEM RESTRIÇÃO DE ATENDIMENTO|EMEF JOAO DA SILVA SILVEIRA|43100651|RS|Pelotas|Rural|Área remanescente de quilombos|Pública|AV PRINCIPAL, 100 MONTE BONITO. NONO DISTRITO. 96115-000 Pelotas - RS.|(53) 32773339|Municipal|Não Informado|Não|Sim|Entre 201 e 500 matrículas de escolarização|Educação Infantil, Ensino Fundamental, Educação de Jovens Adultos|Atendimento Educacional Especializado, Atividade Complementar|-31.64867|-52.40578
198188|ESCOLA EM FUNCIONAMENTO E SEM RESTRIÇÃO DE ATENDIMENTO|EMEF LUIZ AUGUSTO DE ASSUMPCAO|43100783|RS|Pelotas|Urbana|A escola não está em área de localização diferenciada|Pública|PRACA ARATIBA, 281 LARANJAL. 96095-030 Pelotas - RS.||Municipal|Não Informado|Não|Sim|Entre 501 e 1000 matrículas de escolarização|Educação Infantil, Ensino Fundamental, Educação de Jovens Adultos|Atendimento Educacional Especializado|-31.73517|-52.21237
198191|ESCOLA EM FUNCIONAMENTO E SEM RESTRIÇÃO DE ATENDIMENTO|EMEF MARCIO DIAS|43100830|RS|Pelotas|Rural|A escola não está em área de localização diferenciada|Pública|POSTO BRANCO ANTIGA ESTRADA PORTO ALEGRE, S/N POSTO BRANCO - RETIRO. 96130-000 Pelotas - RS.|(53) 32239020|Municipal|Não Informado|Não|Sim|Entre 51 e 200 matrículas de escolarização|Educação Infantil, Ensino Fundamental|Atendimento Educacional Especializado, Atividade Complementar|-31.615|-52.29222
198194|ESCOLA EM FUNCIONAMENTO E SEM RESTRIÇÃO DE ATENDIMENTO|ESCOLA FUNDAMENTAL SAO BENEDITO|43100961|RS|Pelotas|Urbana|A escola não está em área de localização diferenciada|Privada|RUA FELIX XAVIER DA CUNHA, 909 CENTRO. 96010-000 Pelotas - RS.|(53) 32223831|Privada|Filantrópica|Sim|Sim|Entre 51 e 200 matrículas de escolarização|Ensino Fundamental||-31.76369|-52.33763
198195|ESCOLA EM FUNCIONAMENTO E SEM RESTRIÇÃO DE ATENDIMENTO|EMEF WILSON MULLER|43100988|RS|Pelotas|Rural|Área remanescente de quilombos|Pública|COLONIA TRIUNFO, S/N 4º DISTRITO. COLONIA TRIUNFO. 96145-000 Pelotas - RS.|(53) 984857231|Municipal|Não Informado|Não|Sim|Entre 51 e 200 matrículas de escolarização|Educação Infantil, Ensino Fundamental|Atividade Complementar|-31.36851|-52.50667
198198|ESCOLA PARALISADA|ESC DE EDUC INFANTIL DA SOC RECREATIVA 15 DE JULHO|43101046|RS|Pelotas|Urbana|Não Informado|Privada|AVENIDA FERNANDO OSORIO, 6197 TRES VENDAS. 96070-850 Pelotas - RS.|(53) 32736766|Privada|Não Informado|Não|||||-31.69589|-52.34077
198200|ESCOLA EM FUNCIONAMENTO E SEM RESTRIÇÃO DE ATENDIMENTO|ESC EST ENS MED SANTA RITA|43101100|RS|Pelotas|Urbana|A escola não está em área de localização diferenciada|Pública|R ZOLA AMARO 168, 168 JARDIM BOA VISTA. 96055-830 Pelotas - RS.|(53) 32230271|Estadual|Não Informado|Não|Sim|Entre 201 e 500 matrículas de escolarização|Ensino Fundamental, Ensino Médio|Atendimento Educacional Especializado|-31.74202|-52.33734
198201|ESCOLA EM FUNCIONAMENTO E SEM RESTRIÇÃO DE ATENDIMENTO|ESCOLA DE ENSINO FUNDAMENTAL LAR DE JESUS|43101119|RS|Pelotas|Urbana|A escola não está em área de localização diferenciada|Privada|AVENIDA CRISTOVAO JOSE DOS SANTOS, 651 TRES VENDAS. 96060-000 Pelotas - RS.|(53) 30270276|Privada|Filantrópica|Sim|Sim|Entre 51 e 200 matrículas de escolarização|Ensino Fundamental||-31.72975|-52.32924
198202|ESCOLA EM FUNCIONAMENTO E SEM RESTRIÇÃO DE ATENDIMENTO|ESC DE ENS MEDIO IMACULADA CONCEICAO|43101127|RS|Pelotas|Urbana|A escola não está em área de localização diferenciada|Privada|AVENIDA FERNANDO OSORIO, 2835 TRES VENDAS. 96055-035 Pelotas - RS.|(53) 32231436|Privada|Particular|Não|Sim|Entre 201 e 500 matrículas de escolarização|Educação Infantil, Ensino Fundamental, Ensino Médio||-31.72701|-52.34313
198203|ESCOLA EM FUNCIONAMENTO E SEM RESTRIÇÃO DE ATENDIMENTO|ESCOLA ADVENTISTA DE PELOTAS|43101143|RS|Pelotas|Urbana|A escola não está em área de localização diferenciada|Privada|RUA ALMIRANTE BARROSO, 3008 CENTRO. 96010-280 Pelotas - RS.|(53) 32254188|Privada|Filantrópica|Não|Sim|Entre 501 e 1000 matrículas de escolarização|Educação Infantil, Ensino Fundamental||-31.76184|-52.3337
198205|ESCOLA EM FUNCIONAMENTO E SEM RESTRIÇÃO DE ATENDIMENTO|ESC DE ENS FUND SAO FRANCISCO DE ASSIS|43101178|RS|Pelotas|Urbana|A escola não está em área de localização diferenciada|Privada|RUA ALMIRANTE BARROSO, 1692 CENTRO. 96010-280 Pelotas - RS.|(53) 30277076|Privada|Filantrópica|Não|Sim|Entre 501 e 1000 matrículas de escolarização|Educação Infantil, Ensino Fundamental||-31.77252|-52.33781
198206|ESCOLA EM FUNCIONAMENTO E SEM RESTRIÇÃO DE ATENDIMENTO|ESCOLA FUNDAMENTAL ASSISTENCIAL JEREMIAS FROES|43101194|RS|Pelotas|Urbana|A escola não está em área de localização diferenciada|Pública|RUA JOAO MANOEL, 107 CENTRO. 96010-040 Pelotas - RS.|(53) 32250335|Municipal|Não Informado|Não|Sim|Entre 51 e 200 matrículas de escolarização|Ensino Fundamental||-31.78057|-52.34537
198207|ESCOLA EM FUNCIONAMENTO E SEM RESTRIÇÃO DE ATENDIMENTO|EMEF SANTA TERESINHA|43101208|RS|Pelotas|Urbana|A escola não está em área de localização diferenciada|Pública|AVENIDA VINTE E CINCO DE JULHO, 554 TRES VENDAS. 96065-620 Pelotas - RS.|(53) 32232326|Municipal|Não Informado|Não|Sim|Entre 201 e 500 matrículas de escolarização|Educação Infantil, Ensino Fundamental|Atendimento Educacional Especializado, Atividade Complementar|-31.72621|-52.35041
198208|ESCOLA EM FUNCIONAMENTO E SEM RESTRIÇÃO DE ATENDIMENTO|ESC DE ENS FUND CASTRO ALVES|43101216|RS|Pelotas|Urbana|A escola não está em área de localização diferenciada|Privada|RUA GENERAL OSORIO, 366 CENTRO. 96020-000 Pelotas - RS.|(53) 32782726|Privada|Particular|Não|Sim|Entre 201 e 500 matrículas de escolarização|Educação Infantil, Ensino Fundamental||-31.77408|-52.34583
198210|ESCOLA EM FUNCIONAMENTO E SEM RESTRIÇÃO DE ATENDIMENTO|ESC EST ENS FUN RACHEL MELLO|43101259|RS|Pelotas|Urbana|A escola não está em área de localização diferenciada|Pública|AV AVENIDA ENGENHEIRO ILDEFONSO S 4670 SANGA FUND, 4670 SANGA FUND. TRES VENDAS. 96060-290 Pelotas - RS.|(53) 32744219|Estadual|Não Informado|Não|Sim|Entre 501 e 1000 matrículas de escolarização|Ensino Fundamental|Atendimento Educacional Especializado|-31.69456493|-52.29354543
198211|ESCOLA EM FUNCIONAMENTO E SEM RESTRIÇÃO DE ATENDIMENTO|IFSUL - CAMPUS PELOTAS|43101267|RS|Pelotas|Urbana|A escola não está em área de localização diferenciada|Pública|PRACA VINTE DE SETEMBRO, 455 CENTRO. 96015-360 Pelotas - RS.|(53) 21231000|Federal|Não Informado|Não|Sim|Mais de 1000 matrículas de escolarização|Ensino Médio, Educação Profissional, Educação de Jovens Adultos||-31.76612|-52.35218
198212|ESCOLA EM FUNCIONAMENTO E SEM RESTRIÇÃO DE ATENDIMENTO|EMEF CARLOS LAQUINTINIE|43101275|RS|Pelotas|Urbana|A escola não está em área de localização diferenciada|Pública|PRACA DOMINGOS RODRIGUES, 4 CENTRO. 96010-440 Pelotas - RS.|(53) 32221095|Municipal|Não Informado|Não|Sim|Entre 51 e 200 matrículas de escolarização|Ensino Fundamental|Atendimento Educacional Especializado|-31.78115|-52.33436
198213|ESCOLA EM FUNCIONAMENTO E SEM RESTRIÇÃO DE ATENDIMENTO|ESC EST ENS FUN ADOLFO FETTER|43101283|RS|Pelotas|Urbana|A escola não está em área de localização diferenciada|Pública|AV FERNANDO OSORIO 4078, 4078 TRES VENDAS. 96065-040 Pelotas - RS.|(53) 32735705|Estadual|Não Informado|Não|Sim|Entre 51 e 200 matrículas de escolarização|Ensino Fundamental||-31.71544351|-52.34225875
198214|ESCOLA EM FUNCIONAMENTO E SEM RESTRIÇÃO DE ATENDIMENTO|EMEF AFONSO VIZEU|43101291|RS|Pelotas|Urbana|A escola não está em área de localização diferenciada|Pública|RUA FRANCISCO MOREIRA, 285 AREAL. 96077-080 Pelotas - RS.|(53) 32280697|Municipal|Não Informado|Não|Sim|Entre 501 e 1000 matrículas de escolarização|Educação Infantil, Ensino Fundamental|Atendimento Educacional Especializado, Atividade Complementar|-31.75591|-52.31443
198216|ESCOLA EM FUNCIONAMENTO E SEM RESTRIÇÃO DE ATENDIMENTO|EMEF ALMIRANTE JOSE SALDANHA DA GAMA|43101313|RS|Pelotas|Urbana|A escola não está em área de localização diferenciada|Pública|RUA JOSE FAUSTINI, 341 BOM JESUS. AREAL. 96080-630 Pelotas - RS.|(53) 32288040|Municipal|Não Informado|Não|Sim|Entre 501 e 1000 matrículas de escolarização|Educação Infantil, Ensino Fundamental, Educação de Jovens Adultos|Atendimento Educacional Especializado, Atividade Complementar|-31.74441|-52.31705
198217|ESCOLA EM FUNCIONAMENTO E SEM RESTRIÇÃO DE ATENDIMENTO|ESC EST ENS FUN DR PROCOPIO DUVAL GOMES DE FREITAS|43101321|RS|Pelotas|Urbana|A escola não está em área de localização diferenciada|Pública|R PLACIDO DE CASTRO 634, 634 LINDOIA. 96065-710 Pelotas - RS.|(53) 32738111|Estadual|Não Informado|Não|Sim|Entre 51 e 200 matrículas de escolarização|Ensino Fundamental||-31.71272833|-52.354385
198218|ESCOLA EM FUNCIONAMENTO E SEM RESTRIÇÃO DE ATENDIMENTO|EMEF CECILIA MEIRELES|43101330|RS|Pelotas|Urbana|A escola não está em área de localização diferenciada|Pública|RUA PROFESSOR SOUZA LOBO, 439 AREAL. 96080-200 Pelotas - RS.|(53) 32284022|Municipal|Não Informado|Não|Sim|Entre 201 e 500 matrículas de escolarização|Educação Infantil, Ensino Fundamental, Educação de Jovens Adultos|Atendimento Educacional Especializado, Atividade Complementar|-31.75106|-52.32333
198219|ESCOLA EM FUNCIONAMENTO E SEM RESTRIÇÃO DE ATENDIMENTO|ESC EST ENS MED CORONEL PEDRO OSORIO|43101348|RS|Pelotas|Urbana|A escola não está em área de localização diferenciada|Pública|R GENERAL OSORIO 818, 818 CENTRO. 96020-000 Pelotas - RS.|(53) 32224103|Estadual|Não Informado|Não|Sim|Mais de 1000 matrículas de escolarização|Ensino Fundamental, Ensino Médio||-31.76512018|-52.34188691
198220|ESCOLA EM FUNCIONAMENTO E SEM RESTRIÇÃO DE ATENDIMENTO|ESC EST ENS FUN DIRCEU MOREIRA|43101356|RS|Pelotas|Rural|A escola não está em área de localização diferenciada|Pública|ETR COLONIA SANTA SILVANA SN, SN ZONA RURAL. SEXTO DISTRITO SANTA SILVANA. 96110-000 Pelotas - RS.|(53) 984117493|Estadual|Não Informado|Não|Sim|Entre 51 e 200 matrículas de escolarização|Ensino Fundamental||-31.44457|-52.31318
198221|ESCOLA EM FUNCIONAMENTO E SEM RESTRIÇÃO DE ATENDIMENTO|ESC EST ENS FUN DOM JOAQUIM FERREIRA DE MELLO|43101364|RS|Pelotas|Urbana|A escola não está em área de localização diferenciada|Pública|R GENERAL OSORIO 1101 CASA, 1101 CASA. CENTRO. 96020-000 Pelotas - RS.|(53) 32289148|Estadual|Não Informado|Não|Sim|Entre 51 e 200 matrículas de escolarização|Ensino Fundamental||-31.75743|-52.34406
198222|ESCOLA EM FUNCIONAMENTO E SEM RESTRIÇÃO DE ATENDIMENTO|ESC EST ENS FUN DR JOSE BRUSQUE FILHO|43101372|RS|Pelotas|Urbana|A escola não está em área de localização diferenciada|Pública|R VISCONDE DE JAGUARI 150, 150 CENTRO. 96010-530 Pelotas - RS.|(53) 32787277|Estadual|Não Informado|Não|Sim|Entre 51 e 200 matrículas de escolarização|Ensino Fundamental||-31.77877|-52.33014
198223|ESCOLA EM FUNCIONAMENTO E SEM RESTRIÇÃO DE ATENDIMENTO|EMEF DR ALCIDES DE MENDONCA LIMA|43101380|RS|Pelotas|Urbana|A escola não está em área de localização diferenciada|Pública|RUA PADRE DIOGO FEIJO, 213 FRAGATA. 96030-720 Pelotas - RS.|(53) 32811794|Municipal|Não Informado|Não|Sim|Entre 501 e 1000 matrículas de escolarização|Educação Infantil, Ensino Fundamental, Educação de Jovens Adultos||-31.75973|-52.3754
198224|ESCOLA EM FUNCIONAMENTO E SEM RESTRIÇÃO DE ATENDIMENTO|ESC EST ENS MED DR ANTONIO LEIVAS LEITE|43101399|RS|Pelotas|Urbana|A escola não está em área de localização diferenciada|Pública|R LEOPOLDO DE SOUZA SOARES 333, 333 TRES VENDAS. 96060-460 Pelotas - RS.|(53) 32231601|Estadual|Não Informado|Não|Sim|Entre 501 e 1000 matrículas de escolarização|Ensino Fundamental, Ensino Médio, Educação de Jovens Adultos||-31.72661|-52.3308
198225|ESCOLA EM FUNCIONAMENTO E SEM RESTRIÇÃO DE ATENDIMENTO|ESC EST ENS FUN DR ARMANDO FAGUNDES|43101402|RS|Pelotas|Urbana|A escola não está em área de localização diferenciada|Pública|R CRUZ SECCO 239 GOTUZZO, 239 GOTUZZO. FRAGATA. 96045-480 Pelotas - RS.|(53) 32716110|Estadual|Não Informado|Não|Sim|Entre 201 e 500 matrículas de escolarização|Ensino Fundamental|Atendimento Educacional Especializado|-31.744715|-52.394565
198226|ESCOLA EM FUNCIONAMENTO E SEM RESTRIÇÃO DE ATENDIMENTO|ESC EST ENS MED DR AUGUSTO SIMOES LOPES|43101410|RS|Pelotas|Urbana|A escola não está em área de localização diferenciada|Pública|R AFONSO ARINOS 91, 91 SIMOES LOPES. 96025-010 Pelotas - RS.|(53) 32254611|Estadual|Não Informado|Não|Sim|Entre 501 e 1000 matrículas de escolarização|Ensino Fundamental, Ensino Médio, Educação de Jovens Adultos|Atendimento Educacional Especializado|-31.77242|-52.35538
198227|ESCOLA EM FUNCIONAMENTO E SEM RESTRIÇÃO DE ATENDIMENTO|EMEF DR BALBINO MASCARENHAS|43101429|RS|Pelotas|Urbana|A escola não está em área de localização diferenciada|Pública|RUA JORNALISTA CANDIDO DE MELLO, 415 FRAGATA. 96025-220 Pelotas - RS.|(53) 32225216|Municipal|Não Informado|Não|Sim|Entre 201 e 500 matrículas de escolarização|Educação Infantil, Ensino Fundamental||-31.76951773|-52.35520571
198228|ESCOLA EM FUNCIONAMENTO E SEM RESTRIÇÃO DE ATENDIMENTO|ESC EST ENS FUN DR FRANCISCO SIMOES|43101437|RS|Pelotas|Urbana|A escola não está em área de localização diferenciada|Pública|R QUINZE DE NOVEMBRO 263, 263 CENTRO. 96015-000 Pelotas - RS.|(53) 32786044|Estadual|Não Informado|Não|Sim|Entre 201 e 500 matrículas de escolarização|Ensino Fundamental|Atendimento Educacional Especializado|-31.77651388|-52.34493996
198229|ESCOLA EM FUNCIONAMENTO E SEM RESTRIÇÃO DE ATENDIMENTO|EMEF DOUTOR BRUM AZEREDO|43101445|RS|Pelotas|Urbana|A escola não está em área de localização diferenciada|Pública|RUA MANUEL LUCAS DE OLIVEIRA, 1290 FRAGATA. 96030-370 Pelotas - RS.|(53) 32247160|Municipal|Não Informado|Não|Sim|Entre 501 e 1000 matrículas de escolarização|Educação Infantil, Ensino Fundamental|Atendimento Educacional Especializado, Atividade Complementar|-31.76197|-52.37018
198230|ESCOLA EM FUNCIONAMENTO E SEM RESTRIÇÃO DE ATENDIMENTO|EMEF DR JOAQUIM ASSUMPCAO|43101453|RS|Pelotas|Urbana|A escola não está em área de localização diferenciada|Pública|RUA ALMIRANTE BARROSO, 1679 CENTRO. 96010-280 Pelotas - RS.|(53) 32222553|Municipal|Não Informado|Não|Sim|Entre 501 e 1000 matrículas de escolarização|Educação Infantil, Ensino Fundamental, Educação de Jovens Adultos|Atendimento Educacional Especializado|-31.7727|-52.33806
198231|ESCOLA EM FUNCIONAMENTO E SEM RESTRIÇÃO DE ATENDIMENTO|ESC EST ENS FUN DR OTTONI XAVIER|43101461|RS|Pelotas|Urbana|A escola não está em área de localização diferenciada|Pública|R FRONTINO VIEIRA 490, 490 FRAGATA. 96040-700 Pelotas - RS.|(53) 32813353|Estadual|Não Informado|Não|Sim|Entre 51 e 200 matrículas de escolarização|Ensino Fundamental||-31.75187113|-52.37774933
198232|ESCOLA EM FUNCIONAMENTO E SEM RESTRIÇÃO DE ATENDIMENTO|EMEF BIBIANO DE ALMEIDA|43101470|RS|Pelotas|Urbana|A escola não está em área de localização diferenciada|Pública|AVENIDA DA PAZ, 80 AREAL. 96077-210 Pelotas - RS.|(53) 32284128|Municipal|Não Informado|Não|Sim|Entre 201 e 500 matrículas de escolarização|Educação Infantil, Ensino Fundamental, Educação de Jovens Adultos|Atendimento Educacional Especializado, Atividade Complementar|-31.75548|-52.31784
198233|ESCOLA EM FUNCIONAMENTO E SEM RESTRIÇÃO DE ATENDIMENTO|COL ESTADUAL FELIX DA CUNHA|43101488|RS|Pelotas|Urbana|A escola não está em área de localização diferenciada|Pública|R BENJAMIN CONSTANT, 1459 CASA. CENTRO. 96010-020 Pelotas - RS.|(53) 32786677|Estadual|Não Informado|Não|Sim|Entre 501 e 1000 matrículas de escolarização|Ensino Fundamental, Ensino Médio|Atendimento Educacional Especializado|-31.77959967|-52.34047872
198234|ESCOLA EM FUNCIONAMENTO E SEM RESTRIÇÃO DE ATENDIMENTO|ESC EST ENS FUN FERNANDO TREPTOW|43101496|RS|Pelotas|Urbana|A escola não está em área de localização diferenciada|Pública|R ERNANI FORNARI 221, 221 FRAGATA. 96040-290 Pelotas - RS.|(53) 32211890|Estadual|Não Informado|Não|Sim|Entre 201 e 500 matrículas de escolarização|Ensino Fundamental, Educação de Jovens Adultos|Atendimento Educacional Especializado|-31.75724333|-52.36745333
198235|ESCOLA EM FUNCIONAMENTO E SEM RESTRIÇÃO DE ATENDIMENTO|EMEF FERREIRA VIANNA|43101500|RS|Pelotas|Urbana|A escola não está em área de localização diferenciada|Pública|RUA JOAO THOMAS MUNHOZ, 86 BALSA. 96075-770 Pelotas - RS.|(53) 32222544|Municipal|Não Informado|Não|Sim|Entre 501 e 1000 matrículas de escolarização|Educação Infantil, Ensino Fundamental, Educação de Jovens Adultos|Atendimento Educacional Especializado|-31.7787|-52.32268
198236|ESCOLA EM FUNCIONAMENTO E SEM RESTRIÇÃO DE ATENDIMENTO|EMEF FRANCISCO CARUCCIO|43101518|RS|Pelotas|Urbana|A escola não está em área de localização diferenciada|Pública|RUA LEOPOLDO BROD, 3220 TRES VENDAS. 96070-370 Pelotas - RS.|(53) 32736100|Municipal|Não Informado|Não|Sim|Entre 501 e 1000 matrículas de escolarização|Educação Infantil, Ensino Fundamental, Educação de Jovens Adultos|Atendimento Educacional Especializado|-31.70614|-52.3238
198237|ESCOLA EM FUNCIONAMENTO E SEM RESTRIÇÃO DE ATENDIMENTO|EMEF FREDERICO OZANAN|43101526|RS|Pelotas|Urbana|A escola não está em área de localização diferenciada|Pública|AVENIDA ZEFERINO COSTA, 1190 NA AREA DO AEROPORTO. TRES VENDAS. 96070-480 Pelotas - RS.|(53) 32270702|Municipal|Não Informado|Não|Sim|Entre 201 e 500 matrículas de escolarização|Educação Infantil, Ensino Fundamental|Atendimento Educacional Especializado, Atividade Complementar|-31.71399|-52.33057
198238|ESCOLA EM FUNCIONAMENTO E SEM RESTRIÇÃO DE ATENDIMENTO|ESC EST ENS FUN PROFESSORA ONDINA CUNHA|43101534|RS|Pelotas|Urbana|A escola não está em área de localização diferenciada|Pública|R GONCALVES CHAVES 802, 802 CENTRO. 96015-560 Pelotas - RS.|(53) 32222797|Estadual|Não Informado|Não|Sim|Entre 51 e 200 matrículas de escolarização|Ensino Fundamental|Atendimento Educacional Especializado|-31.76879|-52.33835
198239|ESCOLA EM FUNCIONAMENTO E SEM RESTRIÇÃO DE ATENDIMENTO|ESC MUN DE ENS FUN JACOB BROD|43101550|RS|Pelotas|Urbana|A escola não está em área de localização diferenciada|Pública|AVENIDA FERNANDO OSORIO, 5413 TRES VENDAS. 96060-000 Pelotas - RS.|(53) 32739700|Municipal|Não Informado|Não|Sim|Entre 501 e 1000 matrículas de escolarização|Educação Infantil, Ensino Fundamental|Atendimento Educacional Especializado, Atividade Complementar|-31.70329|-52.34039
198240|ESCOLA EM FUNCIONAMENTO E SEM RESTRIÇÃO DE ATENDIMENTO|EMEF JOAQUIM NABUCO|43101569|RS|Pelotas|Urbana|A escola não está em área de localização diferenciada|Pública|RUA MONSENHOR SILVANO SOUZA, 36 VILA BOM JESUS. AREAL. 96080-690 Pelotas - RS.|(53) 32735830|Municipal|Não Informado|Não|Sim|Entre 201 e 500 matrículas de escolarização|Educação Infantil, Ensino Fundamental|Atendimento Educacional Especializado, Atividade Complementar|-31.73748|-52.32658
198241|ESCOLA EM FUNCIONAMENTO E SEM RESTRIÇÃO DE ATENDIMENTO|EMEF LUCIANA DE ARAUJO|43101577|RS|Pelotas|Urbana|A escola não está em área de localização diferenciada|Pública|RUA VOLUNTARIOS DA PATRIA, 1757 CENTRO. 96015-730 Pelotas - RS.|(53) 32257799|Municipal|Não Informado|Não|Sim|Entre 51 e 200 matrículas de escolarização|Educação Infantil, Ensino Fundamental|Atividade Complementar|-31.76373|-52.34871
198242|ESCOLA EM FUNCIONAMENTO E SEM RESTRIÇÃO DE ATENDIMENTO|ESC EST ENS FUN MARECHAL LUIZ ALVES DE LIMA E SILVA|43101585|RS|Pelotas|Urbana|A escola não está em área de localização diferenciada|Pública|R CARLOS GOTUZZO GIACOBONI 1120, 1120 FRAGATA. 96040-240 Pelotas - RS.|(53) 32210273|Estadual|Não Informado|Não|Sim|Entre 201 e 500 matrículas de escolarização|Ensino Fundamental||-31.749945|-52.37108
198243|ESCOLA EM FUNCIONAMENTO E SEM RESTRIÇÃO DE ATENDIMENTO|EMEF DONA MARIANA EUFRASIA|43101593|RS|Pelotas|Urbana|A escola não está em área de localização diferenciada|Pública|AVENIDA DUQUE DE CAXIAS, 900 FRAGATA. 96030-002 Pelotas - RS.|(53) 32211250|Municipal|Não Informado|Não|Sim|Entre 201 e 500 matrículas de escolarização|Ensino Fundamental, Educação de Jovens Adultos|Atendimento Educacional Especializado, Atividade Complementar|-31.75602|-52.38433
198244|ESCOLA EM FUNCIONAMENTO E SEM RESTRIÇÃO DE ATENDIMENTO|EMEF MINISTRO FERNANDO OSORIO|43101607|RS|Pelotas|Urbana|A escola não está em área de localização diferenciada|Pública|AVENIDA FERNANDO OSORIO, 1522 TRES VENDAS. 96055-030 Pelotas - RS.|(53) 32230390|Municipal|Não Informado|Não|Sim|Entre 501 e 1000 matrículas de escolarização|Educação Infantil, Ensino Fundamental, Educação de Jovens Adultos|Atendimento Educacional Especializado|-31.73682|-52.34442
198245|ESCOLA EM FUNCIONAMENTO E SEM RESTRIÇÃO DE ATENDIMENTO|ESC EST ENS MED MARECHAL RONDON|43101615|RS|Pelotas|Rural|A escola não está em área de localização diferenciada|Pública|ESTR MONTE BONITO, 4300 INTERIOR. 9º DISTRITO. 96115-000 Pelotas - RS.|(53) 981573610|Estadual|Não Informado|Não|Sim|Entre 201 e 500 matrículas de escolarização|Ensino Fundamental, Ensino Médio||-31.62702833|-52.44006833
198246|ESCOLA EM FUNCIONAMENTO E SEM RESTRIÇÃO DE ATENDIMENTO|ESC EST ENS FUN NOSSA SENHORA APARECIDA|43101623|RS|Pelotas|Urbana|A escola não está em área de localização diferenciada|Pública|R DR FREDERICO BASTOS 588, 588 SIMOES LOPES. 96030-330 Pelotas - RS.|(53) 32785844|Estadual|Não Informado|Não|Sim|Entre 51 e 200 matrículas de escolarização|Ensino Fundamental|Atendimento Educacional Especializado|-31.76855871|-52.36156085
198247|ESCOLA EM FUNCIONAMENTO E SEM RESTRIÇÃO DE ATENDIMENTO|EMEF NOSSA SENHORA DAS DORES|43101631|RS|Pelotas|Urbana|A escola não está em área de localização diferenciada|Pública|AVENIDA CRISTOVAO JOSE DOS SANTOS, 308 TRES VENDAS. 96060-000 Pelotas - RS.|(53) 32232828|Municipal|Não Informado|Não|Sim|Entre 201 e 500 matrículas de escolarização|Educação Infantil, Ensino Fundamental||-31.73197|-52.3302
198248|ESCOLA EM FUNCIONAMENTO E SEM RESTRIÇÃO DE ATENDIMENTO|ESC EST ENS FUN NOSSA SENHORA DAS GRACAS|43101640|RS|Pelotas|Urbana|A escola não está em área de localização diferenciada|Pública|R DR CASSIANO DO NASCIMENTO 714, 714 CENTRO. 96015-700 Pelotas - RS.|(53) 30285488|Estadual|Não Informado|Não|Sim|Entre 51 e 200 matrículas de escolarização|Ensino Fundamental|Atendimento Educacional Especializado|-31.76243|-52.35163
198249|ESCOLA EM FUNCIONAMENTO E SEM RESTRIÇÃO DE ATENDIMENTO|ESC EST ENS FUN NOSSA SENHORA DE FATIMA|43101658|RS|Pelotas|Urbana|A escola não está em área de localização diferenciada|Pública|R CARMEM MIRANDA 756 COHAB FRAG, 756 COHAB FRAG. FRAGATA. 96050-070 Pelotas - RS.|(53) 32710188|Estadual|Não Informado|Não|Sim|Entre 201 e 500 matrículas de escolarização|Ensino Fundamental||-31.74209167|-52.38992167
198250|ESCOLA EM FUNCIONAMENTO E SEM RESTRIÇÃO DE ATENDIMENTO|EMEF NOSSA SENHORA DE LOURDES|43101666|RS|Pelotas|Urbana|A escola não está em área de localização diferenciada|Pública|RUA GENERAL JOAO NUNES DA SILVA TAVARES, 165 FRAGATA. 96045-080 Pelotas - RS.|(53) 32714288|Municipal|Não Informado|Não|Sim|Entre 501 e 1000 matrículas de escolarização|Educação Infantil, Ensino Fundamental, Educação de Jovens Adultos|Atividade Complementar|-31.75105|-52.39678
198251|ESCOLA EM FUNCIONAMENTO E SEM RESTRIÇÃO DE ATENDIMENTO|ESC EST ENS FUN NOSSA SENHORA MEDIANEIRA|43101674|RS|Pelotas|Urbana|A escola não está em área de localização diferenciada|Pública|RUA BENTO MARTINS, 1656 CENTRO. 96010-430 Pelotas - RS.|(53) 32223033|Estadual|Não Informado|Não|Sim|Entre 51 e 200 matrículas de escolarização|Ensino Fundamental||-31.76612188|-52.33507614
198252|ESCOLA EM FUNCIONAMENTO E SEM RESTRIÇÃO DE ATENDIMENTO|EMEF NOSSA SENHORA DO CARMO|43101682|RS|Pelotas|Urbana|A escola não está em área de localização diferenciada|Pública|RUA DOUTOR AMARANTE, 956 CENTRO. 96020-720 Pelotas - RS.|(53) 32291542|Municipal|Não Informado|Não|Sim|Entre 51 e 200 matrículas de escolarização|Educação Infantil, Ensino Fundamental|Atividade Complementar|-31.75634297|-52.34703138
198253|ESCOLA EM FUNCIONAMENTO E SEM RESTRIÇÃO DE ATENDIMENTO|EMEF OLAVO BILAC|43101690|RS|Pelotas|Urbana|A escola não está em área de localização diferenciada|Pública|RUA PROFESSOR PAULO ZANOTTA DA CRUZ, 276 FRAGATA. 96050-000 Pelotas - RS.|(53) 32716500|Municipal|Não Informado|Não|Sim|Entre 501 e 1000 matrículas de escolarização|Ensino Fundamental, Educação de Jovens Adultos|Atendimento Educacional Especializado, Atividade Complementar|-31.7399|-52.38494
198254|ESCOLA EM FUNCIONAMENTO E SEM RESTRIÇÃO DE ATENDIMENTO|EMEF OSVALDO CRUZ|43101704|RS|Pelotas|Urbana|A escola não está em área de localização diferenciada|Pública|RUA SAO FRANCISCO, 259 SANTA TEREZINHA. TRES VENDAS. 96065-470 Pelotas - RS.|(53) 32233140|Municipal|Não Informado|Não|Sim|Entre 501 e 1000 matrículas de escolarização|Educação Infantil, Ensino Fundamental|Atendimento Educacional Especializado, Atividade Complementar|-31.72344|-52.35055
198255|ESCOLA EM FUNCIONAMENTO E SEM RESTRIÇÃO DE ATENDIMENTO|ESC EST ENS FUN PADRE RAMBO|43101720|RS|Pelotas|Urbana|A escola não está em área de localização diferenciada|Pública|RUA FREDERICO TREBBI, 47 SAO GONCALO. 96075-650 Pelotas - RS.|(53) 33051703|Estadual|Não Informado|Não|Sim|Entre 501 e 1000 matrículas de escolarização|Ensino Fundamental|Atendimento Educacional Especializado|-31.77256295|-52.33062208
198256|ESCOLA EM FUNCIONAMENTO E SEM RESTRIÇÃO DE ATENDIMENTO|ESC EST ENS FUN PROFESSORA LELIA ROMANELLI OLMOS|43101739|RS|Pelotas|Urbana|A escola não está em área de localização diferenciada|Pública|AV JOAO GOMES NOGUEIRA 271, 271 AREAL. 96085-200 Pelotas - RS.|(53) 32281377|Estadual|Não Informado|Não|Sim|Entre 51 e 200 matrículas de escolarização|Ensino Fundamental|Atendimento Educacional Especializado|-31.74749238|-52.29718716
198258|ESCOLA EM FUNCIONAMENTO E SEM RESTRIÇÃO DE ATENDIMENTO|ESC EST ENS FUN SANTO ANTONIO|43101763|RS|Pelotas|Urbana|A escola não está em área de localização diferenciada|Pública|AVENIDA FERNANDO OSORIO, 2835 TRES VENDAS. 96065-115 Pelotas - RS.|(53) 32734860|Estadual|Não Informado|Não|Sim|Entre 201 e 500 matrículas de escolarização|Ensino Fundamental||-31.72656204|-52.34345567
198259|ESCOLA EM FUNCIONAMENTO E SEM RESTRIÇÃO DE ATENDIMENTO|ESC EST ENS FUN SAO VICENTE DE PAULO|43101771|RS|Pelotas|Urbana|A escola não está em área de localização diferenciada|Pública|R ANCHIETA 3420, 3420 CENTRO. 96015-420 Pelotas - RS.|(53) 32223348|Estadual|Não Informado|Não|Sim|Entre 201 e 500 matrículas de escolarização|Ensino Fundamental|Atendimento Educacional Especializado|-31.75487|-52.33424
198260|ESCOLA EM FUNCIONAMENTO E SEM RESTRIÇÃO DE ATENDIMENTO|ESC EST ENS FUN VISCONDE DE SOUZA SOARES|43101780|RS|Pelotas|Urbana|A escola não está em área de localização diferenciada|Pública|R JORNALISTA WALDEMAR COUFAL 191, 191 FRAGATA. 96030-050 Pelotas - RS.|(53) 32214875|Estadual|Não Informado|Não|Sim|Entre 51 e 200 matrículas de escolarização|Ensino Fundamental||-31.75677833|-52.39020167
198263|ESCOLA EM FUNCIONAMENTO E SEM RESTRIÇÃO DE ATENDIMENTO|ESC EST ENS MED DR JOAQUIM DUVAL|43101810|RS|Pelotas|Urbana|A escola não está em área de localização diferenciada|Pública|R BARAO DE TRAMANDAI 980 PY CRESPO, 980 PY CRESPO. TRES VENDAS. 96065-240 Pelotas - RS.|(53) 32231433|Estadual|Não Informado|Não|Sim|Entre 501 e 1000 matrículas de escolarização|Ensino Fundamental, Ensino Médio|Atendimento Educacional Especializado|-31.71847222|-52.35055005
198264|ESCOLA EM FUNCIONAMENTO E SEM RESTRIÇÃO DE ATENDIMENTO|COLEGIO SINODAL ALFREDO SIMON|43101828|RS|Pelotas|Urbana|A escola não está em área de localização diferenciada|Privada|RUA REVERENDO ALFREDO SIMON, 550 TRES VENDAS. 96065-773 Pelotas - RS.|(53) 32739400|Privada|Filantrópica|Não|Sim|Entre 501 e 1000 matrículas de escolarização|Educação Infantil, Ensino Fundamental, Ensino Médio||-31.71336|-52.34922
198265|ESCOLA EM FUNCIONAMENTO E SEM RESTRIÇÃO DE ATENDIMENTO|INST EST EDUC ASSIS BRASIL|43101836|RS|Pelotas|Urbana|A escola não está em área de localização diferenciada|Pública|R ANTONIO DOS ANJOS 296, 296 CENTRO. 96020-700 Pelotas - RS.|(53) 32279099|Estadual|Não Informado|Não|Sim|Mais de 1000 matrículas de escolarização|Educação Infantil, Ensino Fundamental, Ensino Médio, Educação Profissional, Educação de Jovens Adultos|Atendimento Educacional Especializado|-31.75633022|-52.33394592
198266|ESCOLA EM FUNCIONAMENTO E SEM RESTRIÇÃO DE ATENDIMENTO|EMEF MINISTRO ARTHUR DE SOUZA COSTA|43101860|RS|Pelotas|Rural|A escola não está em área de localização diferenciada|Pública|BR 392 - KM 87, SN CASCATA. 96140-000 Pelotas - RS.|(53) 32775365|Municipal|Não Informado|Não|Sim|Entre 201 e 500 matrículas de escolarização|Educação Infantil, Ensino Fundamental||-31.62381|-52.50403
198267|ESCOLA EM FUNCIONAMENTO E SEM RESTRIÇÃO DE ATENDIMENTO|ESC EST ENS MED ADOLFO FETTER|43101887|RS|Pelotas|Urbana|A escola não está em área de localização diferenciada|Pública|AVENIDA PINHEIRO MACHADO, 823 FRAGATA. 96040-500 Pelotas - RS.|(53) 32211881|Estadual|Não Informado|Não|Sim|Entre 501 e 1000 matrículas de escolarização|Ensino Fundamental, Ensino Médio, Educação de Jovens Adultos|Atendimento Educacional Especializado|-31.74871|-52.38297
198268|ESCOLA EM FUNCIONAMENTO E SEM RESTRIÇÃO DE ATENDIMENTO|COL ESTADUAL CASSIANO DO NASCIMENTO|43101895|RS|Pelotas|Urbana|A escola não está em área de localização diferenciada|Pública|AV DOM JOAQUIM 671, 671 CENTRO. 96020-260 Pelotas - RS.|(53) 32230144|Estadual|Não Informado|Não|Sim|Entre 501 e 1000 matrículas de escolarização|Ensino Fundamental, Ensino Médio, Educação Profissional|Atendimento Educacional Especializado|-31.74611528|-52.33588719
198270|ESCOLA EM FUNCIONAMENTO E SEM RESTRIÇÃO DE ATENDIMENTO|ESC TECNICA EST PROFESSORA SYLVIA MELLO|43101917|RS|Pelotas|Urbana|A escola não está em área de localização diferenciada|Pública|R EVARISTO DA VEIGA 75, 75 FRAGATA. 96040-680 Pelotas - RS.|(53) 32715200|Estadual|Não Informado|Não|Sim|Entre 201 e 500 matrículas de escolarização|Ensino Fundamental, Ensino Médio, Educação Profissional||-31.75528|-52.37277
198271|ESCOLA EM FUNCIONAMENTO E SEM RESTRIÇÃO DE ATENDIMENTO|EMEF EVARISTO DA VEIGA|43101925|RS|Pelotas|Rural|A escola não está em área de localização diferenciada|Pública|COLONIA PICADA DO ARROIO GRANDE, S/N COLONIA SANTA SILVANA. 96110-000 Pelotas - RS.|(53) 984274782|Municipal|Não Informado|Não|Sim|Até 50 matrículas de escolarização|Educação Infantil, Ensino Fundamental||-31.36882|-52.30962
198273|ESCOLA EM FUNCIONAMENTO E SEM RESTRIÇÃO DE ATENDIMENTO|EMEF DR BERCHON|43101941|RS|Pelotas|Rural|A escola não está em área de localização diferenciada|Pública|COLONIA OSORIO, S/N ESTRADA SANTA SILVAN. 3º DISTRITO - CERRITO ALEGRE. 96105-000 Pelotas - RS.|(53) 32774145|Municipal|Não Informado|Não|Sim|Entre 51 e 200 matrículas de escolarização|Educação Infantil, Ensino Fundamental||-31.51989|-52.27952
198274|ESCOLA EM FUNCIONAMENTO E SEM RESTRIÇÃO DE ATENDIMENTO|EMEI MAL IGNACIO DE FREITAS ROLIM|43101968|RS|Pelotas|Urbana|A escola não está em área de localização diferenciada|Pública|PRACA DOMINGOS RODRIGUES, 32 PORTO. 96010-440 Pelotas - RS.|(53) 32275332|Municipal|Não Informado|Não|Sim|Entre 51 e 200 matrículas de escolarização|Educação Infantil||-31.7809|-52.33455
198276|ESCOLA EM FUNCIONAMENTO E SEM RESTRIÇÃO DE ATENDIMENTO|ESC EST ENS FUN DR FRANKLIN OLIVE LEITE|43102000|RS|Pelotas|Urbana|A escola não está em área de localização diferenciada|Pública|R ERNANI OSMAR BLAAS SN, SN TRES VENDAS. 96065-770 Pelotas - RS.|(53) 32737990|Estadual|Não Informado|Não|Sim|Entre 201 e 500 matrículas de escolarização|Ensino Fundamental, Educação de Jovens Adultos|Atendimento Educacional Especializado|-31.70910833|-52.34727667
198277|ESCOLA EM FUNCIONAMENTO E SEM RESTRIÇÃO DE ATENDIMENTO|ESC ENS FUND LUTERANA EMANUEL|43102018|RS|Pelotas|Urbana|A escola não está em área de localização diferenciada|Privada|AVENIDA PINHEIRO MACHADO, 451 FRAGATA. 96040-500 Pelotas - RS.|(53) 32210683|Privada|Confessional|Não|Sim|Entre 201 e 500 matrículas de escolarização|Educação Infantil, Ensino Fundamental||-31.75255|-52.38346
198278|ESCOLA EM FUNCIONAMENTO E SEM RESTRIÇÃO DE ATENDIMENTO|ESC EST ENS FUN NOSSA SENHORA DOS NAVEGANTES|43102026|RS|Pelotas|Urbana|A escola não está em área de localização diferenciada|Pública|R ZUMBI DOS PALMARES 295, 295 NAVEGANTES II. 96075-000 Pelotas - RS.|(53) 32794120|Estadual|Não Informado|Não|Sim|Entre 201 e 500 matrículas de escolarização|Ensino Fundamental||-31.77119833|-52.31966167
198279|ESCOLA EM FUNCIONAMENTO E SEM RESTRIÇÃO DE ATENDIMENTO|ESC EST ENS FUN PROFESSORA ZILDA MORRONE|43102034|RS|Pelotas|Urbana|A escola não está em área de localização diferenciada|Pública|R BARAO DE SANTA TECLA 587, 587 CENTRO. 96010-140 Pelotas - RS.|(53) 32257552|Estadual|Não Informado|Não|Sim|Entre 51 e 200 matrículas de escolarização|Ensino Fundamental||-31.76317|-52.34403
198280|ESCOLA EM FUNCIONAMENTO E SEM RESTRIÇÃO DE ATENDIMENTO|ESC EST ENS FUN PROFESSOR LUIS CARLOS CORREA DA SILVA|43102042|RS|Pelotas|Urbana|A escola não está em área de localização diferenciada|Pública|R ARNALDO DA SILVA FERREIRA 100 GUABIROBA, 100 GUABIROBA. FRAGATA. 96040-050 Pelotas - RS.||Estadual|Não Informado|Não|Sim|Entre 201 e 500 matrículas de escolarização|Ensino Fundamental||-31.74426924|-52.370171
198281|ESCOLA EM FUNCIONAMENTO E SEM RESTRIÇÃO DE ATENDIMENTO|ESC EST ENS FUN PARQUE DO OBELISCO|43102050|RS|Pelotas|Urbana|A escola não está em área de localização diferenciada|Pública|R JOAQUIM ALVES DA FONSECA 158, 158 AREAL. 96085-510 Pelotas - RS.|(53) 32282488|Estadual|Não Informado|Não|Sim|Entre 51 e 200 matrículas de escolarização|Ensino Fundamental, Educação de Jovens Adultos|Atendimento Educacional Especializado|-31.74218|-52.30385
198282|ESCOLA EM FUNCIONAMENTO E SEM RESTRIÇÃO DE ATENDIMENTO|ESC EST ENS FUN NO JARDIM DE ALLAH|43102069|RS|Pelotas|Urbana|A escola não está em área de localização diferenciada|Pública|AV AVENIDA FERNANDO OSORIO 7430, 7430 TRES VENDAS. 96070-861 Pelotas - RS.||Estadual|Não Informado|Não|Sim|Entre 201 e 500 matrículas de escolarização|Ensino Fundamental||-31.68429|-52.33965
198283|ESCOLA EM FUNCIONAMENTO E SEM RESTRIÇÃO DE ATENDIMENTO|ESC EST ENS MED DR EDMAR FETTER|43102077|RS|Pelotas|Urbana|A escola não está em área de localização diferenciada|Pública|R CINCO 100 COL VERDE, 100 COL VERDE. LARANJAL. 96090-572 Pelotas - RS.|(53) 32263898|Estadual|Não Informado|Não|Sim|Entre 201 e 500 matrículas de escolarização|Ensino Fundamental, Ensino Médio|Atendimento Educacional Especializado|-31.75457379|-52.24084027
198284|ESCOLA EM FUNCIONAMENTO E SEM RESTRIÇÃO DE ATENDIMENTO|ESC LUTERANA DE ENS FUN DA REDENCAO|43102085|RS|Pelotas|Urbana|A escola não está em área de localização diferenciada|Privada|RUA VOLUNTARIOS DA PATRIA, 1641 CENTRO. 96015-730 Pelotas - RS.|(53) 32279809|Privada|Particular|Não|Sim|Entre 51 e 200 matrículas de escolarização|Educação Infantil, Ensino Fundamental||-31.76426|-52.34779
198285|ESCOLA EM FUNCIONAMENTO E SEM RESTRIÇÃO DE ATENDIMENTO|EMEF NUCLEO HABITACIONAL DUNAS|43102107|RS|Pelotas|Urbana|A escola não está em área de localização diferenciada|Pública|RUA TRES, 470 LOTEAMENTO DUNAS. AREAL. 96081-120 Pelotas - RS.|(53) 32741247|Municipal|Não Informado|Não|Sim|Entre 201 e 500 matrículas de escolarização|Educação Infantil, Ensino Fundamental|Atendimento Educacional Especializado, Atividade Complementar|-31.73839|-52.3184
198286|ESCOLA EM FUNCIONAMENTO E SEM RESTRIÇÃO DE ATENDIMENTO|EMEF NUCLEO HABITACIONAL GETULIO VARGAS|43102115|RS|Pelotas|Urbana|A escola não está em área de localização diferenciada|Pública|RUA DOZE, 95 GETULIO VARGAS. TRES VENDAS. 96071-410 Pelotas - RS.|(53) 32832397|Municipal|Não Informado|Não|Sim|Entre 201 e 500 matrículas de escolarização|Educação Infantil, Ensino Fundamental|Atendimento Educacional Especializado|-31.70275|-52.31252
200118|ESCOLA EM FUNCIONAMENTO E SEM RESTRIÇÃO DE ATENDIMENTO|IFSUL - CENTRO DE REFERENCIA PELOTAS|43143580|RS|Pelotas|Urbana|A escola não está em área de localização diferenciada|Pública|RUA GONCALVES CHAVES, 3218 CENTRO. 96015-560 Pelotas - RS.|(53) 30266050|Federal|Não Informado|Não|Sim|Até 50 matrículas de escolarização|Ensino Médio, Educação Profissional||-31.7577856|-52.33337696
200612|ESCOLA EM FUNCIONAMENTO E SEM RESTRIÇÃO DE ATENDIMENTO|INSTITUTO EDUCACIONAL MQ EIRELI|43155987|RS|Pelotas|Urbana|A escola não está em área de localização diferenciada|Privada|RUA DOUTOR BRUNO CHAVES, 300A TRES VENDAS. 96055-040 Pelotas - RS.|(53) 41411301|Privada|Particular|Não|Em Tramitação|Entre 51 e 200 matrículas de escolarização|Educação Infantil||-31.73146167|-52.34679
201293|ESCOLA EM FUNCIONAMENTO E SEM RESTRIÇÃO DE ATENDIMENTO|ESC EST ED BAS OSMAR DA ROCHA GRAFULHA|43171591|RS|Pelotas|Urbana|A escola não está em área de localização diferenciada|Pública|R OLENKA LITRAN DE SOUZA SOARES, 20 FRAGATA. 96040-490 Pelotas - RS.|(53) 32713085|Estadual|Não Informado|Não|Sim|Entre 501 e 1000 matrículas de escolarização|Ensino Fundamental, Ensino Médio|Atendimento Educacional Especializado|-31.75538077|-52.38378201
201371|ESCOLA EM FUNCIONAMENTO E SEM RESTRIÇÃO DE ATENDIMENTO|EEI GOTINHAS DE LUZ BRILHANTE|43172849|RS|Pelotas|Urbana|A escola não está em área de localização diferenciada|Privada|RUA BENJAMIM CONSTANT, 1812 CENTRO. 96010-020 Pelotas - RS.|(53) 33076067|Privada|Particular|Não|Sim|Até 50 matrículas de escolarização|Educação Infantil||-31.77829659|-52.3438369
201389|ESCOLA EM FUNCIONAMENTO E SEM RESTRIÇÃO DE ATENDIMENTO|ESCOLA DE ENSINO FUNDAMENTAL E MEDIO SANTA MONICA|43173217|RS|Pelotas|Urbana|A escola não está em área de localização diferenciada|Privada|RUA MARECHAL DEODORO, 673 CENTRO. 96020-220 Pelotas - RS.|(53) 32274281|Privada|Particular|Não|Sim|Entre 501 e 1000 matrículas de escolarização|Ensino Fundamental, Ensino Médio||-31.76724|-52.34441
201547|ESCOLA EM FUNCIONAMENTO E SEM RESTRIÇÃO DE ATENDIMENTO|ALBERT COLEGIO|43175309|RS|Pelotas|Urbana|A escola não está em área de localização diferenciada|Privada|RUA ANDRADE NEVES, 2403 CENTRO. 96020-080 Pelotas - RS.|(53) 32272756|Privada|Particular|Não|Sim|Entre 51 e 200 matrículas de escolarização|Ensino Médio, Educação de Jovens Adultos||-31.76275|-52.34014
201668|ESCOLA EM FUNCIONAMENTO E SEM RESTRIÇÃO DE ATENDIMENTO|EMEF PROFESSORA DAURA FERREIRA PINTO|43177697|RS|Pelotas|Urbana|A escola não está em área de localização diferenciada|Pública|AVENIDA ALFREDO THEODORO BORN, SEM NUMERO TRES VENDAS. 96070-380 Pelotas - RS.|(53) 32780919|Municipal|Não Informado|Não|Sim|Entre 51 e 200 matrículas de escolarização|Educação Infantil, Ensino Fundamental||-31.64592|-52.33128
201669|ESCOLA EM FUNCIONAMENTO E SEM RESTRIÇÃO DE ATENDIMENTO|ESCOLA DE EDUCACAO PROFISSIONAL ESTILO|43177727|RS|Pelotas|Urbana|A escola não está em área de localização diferenciada|Privada|RUA LOBO DA COSTA, 1935 CENTRO. 96010-150 Pelotas - RS.|(53) 32291314|Privada|Particular|Não|Sim|Entre 501 e 1000 matrículas de escolarização|Educação Profissional||-31.7678|-52.35096
201771|ESCOLA ATENDE EXCLUSIVAMENTE ALUNOS COM DEFICIÊNCIA|CENTRO DE REABILITACAO DE PELOTAS - CERENEPE|43179347|RS|Pelotas|Urbana|A escola não está em área de localização diferenciada|Privada|RUA ZOLA AMARO, 318 TRES VENDAS. 96055-830 Pelotas - RS.|(53) 30274037|Privada|Filantrópica|Sim|Sim|Entre 51 e 200 matrículas de escolarização|Educação Infantil, Ensino Fundamental, Educação de Jovens Adultos|Atendimento Educacional Especializado|-31.74057|-52.33874
201774|ESCOLA ATENDE EXCLUSIVAMENTE ALUNOS COM DEFICIÊNCIA|APAE - ASSOCIACAO DE PAIS E AMIGOS DOS EXCEPCIONAIS DE PELOTAS|43179380|RS|Pelotas|Urbana|A escola não está em área de localização diferenciada|Privada|RUA OLGA EIFLER, 220 TRES VENDAS. 96055-670 Pelotas - RS.|(53) 32232306|Privada|Filantrópica|Sim|Sim|Entre 51 e 200 matrículas de escolarização|Educação Infantil, Ensino Fundamental, Educação de Jovens Adultos|Atendimento Educacional Especializado, Atividade Complementar|-31.73485|-52.33177
201777|ESCOLA ATENDE EXCLUSIVAMENTE ALUNOS COM DEFICIÊNCIA|ESC DE EDUCACAO ESPECIAL LOUIS BRAILLE|43179410|RS|Pelotas|Urbana|A escola não está em área de localização diferenciada|Privada|RUA ANDRADE NEVES, 3084 CENTRO. 96020-080 Pelotas - RS.|(53) 32221474|Privada|Filantrópica|Sim|Sim|Até 50 matrículas de escolarização|Educação Infantil, Ensino Fundamental, Educação de Jovens Adultos|Atendimento Educacional Especializado|-31.75689|-52.33751
201844|ESCOLA ATENDE EXCLUSIVAMENTE ALUNOS COM DEFICIÊNCIA|ESC ESP PROFESSOR ALFREDO DUB|43180140|RS|Pelotas|Urbana|A escola não está em área de localização diferenciada|Privada|RUA ZOLA AMARO, 379 TRES VENDAS. 96055-830 Pelotas - RS.|(53) 32230638|Privada|Filantrópica|Sim|Sim|Até 50 matrículas de escolarização|Educação Infantil, Ensino Fundamental, Educação de Jovens Adultos|Atendimento Educacional Especializado, Atividade Complementar|-31.74101|-52.33876
201976|ESCOLA EM FUNCIONAMENTO E SEM RESTRIÇÃO DE ATENDIMENTO|EMEI RUTH BLANK|43181830|RS|Pelotas|Urbana|A escola não está em área de localização diferenciada|Pública|PARQUE DOM ANTONIO ZATTERA, 221 CENTRO. 96015-180 Pelotas - RS.|(53) 32722855|Municipal|Não Informado|Não|Sim|Entre 51 e 200 matrículas de escolarização|Educação Infantil||-31.76024|-52.33704
202225|ESCOLA EM FUNCIONAMENTO E SEM RESTRIÇÃO DE ATENDIMENTO|ESC EST ENS MED DOM ANTONIO ZATTERA|43184804|RS|Pelotas|Urbana|A escola não está em área de localização diferenciada|Pública|AV CRISTOVAO JOSE DOS SANTOS 50, 50 TRES VENDAS. 96060-000 Pelotas - RS.|(53) 32734972|Estadual|Não Informado|Não|Sim|Até 50 matrículas de escolarização|Ensino Fundamental, Ensino Médio, Educação de Jovens Adultos||-31.73422|-52.33112
202335|ESCOLA EM FUNCIONAMENTO E SEM RESTRIÇÃO DE ATENDIMENTO|EMEI DYRIO GORGOT|43186297|RS|Pelotas|Urbana|A escola não está em área de localização diferenciada|Pública|RUA AV.OLAVO AFONSO ALVES, 70 FATIMA. 96075-730 Pelotas - RS.|(53) 32257545|Municipal|Não Informado|Não|Sim|Entre 51 e 200 matrículas de escolarização|Educação Infantil||-31.76964|-52.33009
202336|ESCOLA EM FUNCIONAMENTO E SEM RESTRIÇÃO DE ATENDIMENTO|EMEI VINICIUS DE MORAES|43186300|RS|Pelotas|Urbana|A escola não está em área de localização diferenciada|Pública|RUA JORNALISTA NEI ROBERTO BERTONI PAIVA, 145 AREAL. 96080-433 Pelotas - RS.|(53) 32283577|Municipal|Não Informado|Não|Sim|Entre 51 e 200 matrículas de escolarização|Educação Infantil||-31.74792|-52.32082
202337|ESCOLA EM FUNCIONAMENTO E SEM RESTRIÇÃO DE ATENDIMENTO|EMEI ANTONIO CARINGI|43186319|RS|Pelotas|Urbana|A escola não está em área de localização diferenciada|Pública|AVENIDA GENERAL ABREU E LIMA, 302 TRES VENDAS. 96065-740 Pelotas - RS.|(53) 32732526|Municipal|Não Informado|Não|Sim|Entre 51 e 200 matrículas de escolarização|Educação Infantil||-31.71677|-52.34515
202338|ESCOLA EM FUNCIONAMENTO E SEM RESTRIÇÃO DE ATENDIMENTO|EMEI ERICO VERISSIMO|43186327|RS|Pelotas|Urbana|A escola não está em área de localização diferenciada|Pública|RUA DONA DARCY VARGAS, 254 NAVEGANTES 2. SAO GONCALO. 96076-050 Pelotas - RS.|(53) 32791157|Municipal|Não Informado|Não|Sim|Entre 51 e 200 matrículas de escolarização|Educação Infantil||-31.77172|-52.32036
202340|ESCOLA EM FUNCIONAMENTO E SEM RESTRIÇÃO DE ATENDIMENTO|EMEI JOAO GUIMARAES ROSA|43186343|RS|Pelotas|Urbana|A escola não está em área de localização diferenciada|Pública|AVENIDA HERBERT HADLER, 1310 FRAGATA. 96050-460 Pelotas - RS.|(53) 32710048|Municipal|Não Informado|Não|Sim|Entre 51 e 200 matrículas de escolarização|Educação Infantil||-31.73488|-52.39482
202341|ESCOLA EM FUNCIONAMENTO E SEM RESTRIÇÃO DE ATENDIMENTO|EMEI DARCY RIBEIRO|43186351|RS|Pelotas|Urbana|A escola não está em área de localização diferenciada|Pública|RUA ALBERTO BENTO, 223 FRAGATA. 96050-040 Pelotas - RS.|(53) 32717495|Municipal|Não Informado|Não|Sim|Entre 201 e 500 matrículas de escolarização|Educação Infantil||-31.74237|-52.38525
202342|ESCOLA EM FUNCIONAMENTO E SEM RESTRIÇÃO DE ATENDIMENTO|EMEI JOSE LINS DO REGO|43186360|RS|Pelotas|Urbana|A escola não está em área de localização diferenciada|Pública|RUA BARAO DE ITAMARACA, 690 CRUZEIRO DO SUL. 96075-040 Pelotas - RS.|(53) 32793704|Municipal|Não Informado|Não|Sim|Entre 51 e 200 matrículas de escolarização|Educação Infantil||-31.76344|-52.32342
202343|ESCOLA EM FUNCIONAMENTO E SEM RESTRIÇÃO DE ATENDIMENTO|EMEI GRACILIANO RAMOS|43186378|RS|Pelotas|Urbana|A escola não está em área de localização diferenciada|Pública|RUA OSVALDO CRUZ, 615 FRAGATA. 96030-710 Pelotas - RS.|(53) 32210187|Municipal|Não Informado|Não|Sim|Entre 51 e 200 matrículas de escolarização|Educação Infantil||-31.76297|-52.37429
202344|ESCOLA EM FUNCIONAMENTO E SEM RESTRIÇÃO DE ATENDIMENTO|EMEI MONTEIRO LOBATO|43186386|RS|Pelotas|Urbana|A escola não está em área de localização diferenciada|Pública|RUA VISCONDE DO RIO GRANDE, 450 FRAGATA. 96025-380 Pelotas - RS.|(53) 32278858|Municipal|Não Informado|Não|Sim|Entre 51 e 200 matrículas de escolarização|Educação Infantil|Atendimento Educacional Especializado|-31.77389|-52.35725
202345|ESCOLA EM FUNCIONAMENTO E SEM RESTRIÇÃO DE ATENDIMENTO|EMEI ADAYL BENTO COSTA|43186394|RS|Pelotas|Urbana|A escola não está em área de localização diferenciada|Pública|RUA SAO JOAO BATISTA, 254 SANTA TEREZINHA. 96065-500 Pelotas - RS.|(53) 32731308|Municipal|Não Informado|Não|Sim|Entre 51 e 200 matrículas de escolarização|Educação Infantil||-31.72297|-52.35102
202346|ESCOLA EM FUNCIONAMENTO E SEM RESTRIÇÃO DE ATENDIMENTO|EMEI MARIO QUINTANA|43186408|RS|Pelotas|Urbana|A escola não está em área de localização diferenciada|Pública|RUA IRMAO GABINO GERARDO, 260 FRAGATA. 96040-120 Pelotas - RS.|(53) 32212581|Municipal|Não Informado|Não|Sim|Entre 201 e 500 matrículas de escolarização|Educação Infantil||-31.74482|-52.37008
202347|ESCOLA EM FUNCIONAMENTO E SEM RESTRIÇÃO DE ATENDIMENTO|EMEI NELSON ABOTT DE FREITAS|43186416|RS|Pelotas|Urbana|A escola não está em área de localização diferenciada|Pública|RUA DOUTOR JUVENAL MILLER, 354 AREAL. 96080-510 Pelotas - RS.|(53) 32821391|Municipal|Não Informado|Não|Sim|Entre 51 e 200 matrículas de escolarização|Educação Infantil||-31.74408|-52.31703
202348|ESCOLA EM FUNCIONAMENTO E SEM RESTRIÇÃO DE ATENDIMENTO|EMEI PAULO FREIRE|43186424|RS|Pelotas|Urbana|A escola não está em área de localização diferenciada|Pública|RUA TITO BORGES, 560 DUNAS. AREAL. 96081-170 Pelotas - RS.|(53) 32741344|Municipal|Não Informado|Não|Sim|Entre 51 e 200 matrículas de escolarização|Educação Infantil||-31.73869|-52.31757
202349|ESCOLA EM FUNCIONAMENTO E SEM RESTRIÇÃO DE ATENDIMENTO|EMEI OSWALD DE ANDRADE|43186432|RS|Pelotas|Urbana|A escola não está em área de localização diferenciada|Pública|PCA ARATIBA, S/Nº BALNEARIO DOS PRAZERES. 96095-030 Pelotas - RS.|(53) 32269793|Municipal|Não Informado|Não|Sim|Entre 51 e 200 matrículas de escolarização|Educação Infantil||-31.73539|-52.21203
202350|ESCOLA EM FUNCIONAMENTO E SEM RESTRIÇÃO DE ATENDIMENTO|EMEI ANITA MALFATTI|43186440|RS|Pelotas|Urbana|A escola não está em área de localização diferenciada|Pública|RUA MACHADO DE ASSIS, 285 FRAGATA. 96045-620 Pelotas - RS.|(53) 32716527|Municipal|Não Informado|Não|Sim|Entre 51 e 200 matrículas de escolarização|Educação Infantil||-31.74583|-52.39265
202352|ESCOLA EM FUNCIONAMENTO E SEM RESTRIÇÃO DE ATENDIMENTO|EMEI IVANIR DIAS|43186467|RS|Pelotas|Urbana|A escola não está em área de localização diferenciada|Pública|RUA GENERAL MANOEL LUCAS DE LIMA, 225 COHAB TABLADA. TRES VENDAS. 96060-350 Pelotas - RS.|(53) 32733435|Municipal|Não Informado|Não|Sim|Entre 51 e 200 matrículas de escolarização|Educação Infantil|Atendimento Educacional Especializado|-31.73006|-52.33465
202353|ESCOLA EM FUNCIONAMENTO E SEM RESTRIÇÃO DE ATENDIMENTO|EMEI ALBINA PERES|43186475|RS|Pelotas|Urbana|A escola não está em área de localização diferenciada|Pública|RUA RAPOSO TAVARES, S/N AREAL. 96085-270 Pelotas - RS.|(53) 32288575|Municipal|Não Informado|Não|Sim|Entre 51 e 200 matrículas de escolarização|Educação Infantil||-31.7442|-52.29447
202356|ESCOLA EM FUNCIONAMENTO E SEM RESTRIÇÃO DE ATENDIMENTO|EMEI MANUEL BANDEIRA|43186505|RS|Pelotas|Urbana|A escola não está em área de localização diferenciada|Pública|RUA BERNARDO PIRES, 300 CENTRO. 96020-710 Pelotas - RS.|(53) 991156002|Municipal|Não Informado|Não|Sim|Entre 51 e 200 matrículas de escolarização|Educação Infantil||-31.75767|-52.34719
202357|ESCOLA EM FUNCIONAMENTO E SEM RESTRIÇÃO DE ATENDIMENTO|EMEI ZOLA AMARO|43186513|RS|Pelotas|Urbana|A escola não está em área de localização diferenciada|Pública|RUA ALEXANDRE MENDONCA, 408 FRAGATA. 96045-440 Pelotas - RS.|(53) 32811249|Municipal|Não Informado|Não|Sim|Entre 51 e 200 matrículas de escolarização|Educação Infantil||-31.75135|-52.38687
202525|ESCOLA EM FUNCIONAMENTO E SEM RESTRIÇÃO DE ATENDIMENTO|CASA DA CRIANCA SAO FRANCISCO DE PAULA|43188770|RS|Pelotas|Urbana|A escola não está em área de localização diferenciada|Privada|RUA URUGUAI, 1651 CENTRO. 96010-630 Pelotas - RS.|(53) 32782830|Privada|Filantrópica|Não|Sim|Entre 51 e 200 matrículas de escolarização|Educação Infantil||-31.77626|-52.34474
202568|ESCOLA EM FUNCIONAMENTO E SEM RESTRIÇÃO DE ATENDIMENTO|INSTITUTO ESPIRITA NOSSO LAR|43189288|RS|Pelotas|Urbana|A escola não está em área de localização diferenciada|Privada|AVENIDA SENADOR SALGADO FILHO, 628 TRES VENDAS. 96055-740 Pelotas - RS.|(53) 32230044|Privada|Filantrópica|Sim|Sim|Entre 51 e 200 matrículas de escolarização|Educação Infantil||-31.73413|-52.3336
202902|ESCOLA PARALISADA|SOCIEDADE ASSISTENCIAL NOSSA SENHORA DE FATIMA|43194052|RS|Pelotas|Urbana|Não Informado|Privada|AVENIDA PRESIDENTE JUSCELINO KUBITSCHEK DE OLIVEIRA, 1240 SAO GONCALO. 96075-644 Pelotas - RS.|(53) 32223239|Privada|Não Informado|Não|||||-31.77303877|-52.330794
202903|ESCOLA EM FUNCIONAMENTO E SEM RESTRIÇÃO DE ATENDIMENTO|EEI MUNDO DA CRIANCA|43194060|RS|Pelotas|Urbana|A escola não está em área de localização diferenciada|Privada|AVENIDA DUQUE DE CAXIAS, 1064 FRAGATA. 96030-002 Pelotas - RS.|(53) 32814186|Privada|Particular|Não|Sim|Até 50 matrículas de escolarização|Educação Infantil||-31.75476|-52.38994
202906|ESCOLA EM FUNCIONAMENTO E SEM RESTRIÇÃO DE ATENDIMENTO|ESCOLA DE EDUCACAO INFANTIL BETHEL|43194109|RS|Pelotas|Urbana|A escola não está em área de localização diferenciada|Privada|AVENIDA PINHEIRO MACHADO, 717 CASA. FRAGATA. 96040-500 Pelotas - RS.|(53) 32210045|Privada|Filantrópica|Não|Em Tramitação|Entre 51 e 200 matrículas de escolarização|Educação Infantil||-31.74909|-52.3833
202907|ESCOLA EM FUNCIONAMENTO E SEM RESTRIÇÃO DE ATENDIMENTO|EI SITIO ENCANTADO DA VOVO DONALDA|43194117|RS|Pelotas|Urbana|A escola não está em área de localização diferenciada|Privada|RUA ALMIRANTE BARROSO, 2198 PELOTAS,RS. CENTRO. 96010-280 Pelotas - RS.|(53) 91294290|Privada|Particular|Não|Sim|Até 50 matrículas de escolarização|Educação Infantil||-31.76808|-52.33604
202908|ESCOLA PARALISADA|EEI CAOZINHO VIRA LATA|43194125|RS|Pelotas|Urbana|Não Informado|Privada|RUA BARAO DE BUTUI, 203 CENTRO. 96010-330 Pelotas - RS.|(53) 32291925|Privada|Não Informado|Não|||||-31.77134|-52.33579
202909|ESCOLA EM FUNCIONAMENTO E SEM RESTRIÇÃO DE ATENDIMENTO|CR OS PITUCHINHUS LTDA|43194133|RS|Pelotas|Urbana|A escola não está em área de localização diferenciada|Privada|RUA SILVA PAES, 177 TRES VENDAS. 96065-570 Pelotas - RS.|(53) 32226928|Privada|Particular|Não|Sim|Até 50 matrículas de escolarização|Educação Infantil||-31.72312|-52.34355
202911|ESCOLA EM FUNCIONAMENTO E SEM RESTRIÇÃO DE ATENDIMENTO|SOCIEDADE ESPIRITA ASSISTENCIAL DONA CONCEICAO|43194168|RS|Pelotas|Urbana|A escola não está em área de localização diferenciada|Privada|RUA JOAO MANOEL, 251 CENTRO. 96010-040 Pelotas - RS.|(53) 32222634|Privada|Filantrópica|Sim|Sim|Entre 51 e 200 matrículas de escolarização|Educação Infantil||-31.78049|-52.34604
202912|ESCOLA EM FUNCIONAMENTO E SEM RESTRIÇÃO DE ATENDIMENTO|APAC - CENTRO DA CRIANCA SAO LUIZ GONZAGA|43194176|RS|Pelotas|Urbana|A escola não está em área de localização diferenciada|Privada|AVENIDA BRASIL, 314 FRAGATA. 96025-000 Pelotas - RS.|(53) 32250859|Privada|Filantrópica|Sim|Sim|Entre 51 e 200 matrículas de escolarização|Educação Infantil||-31.77049|-52.3526
202913|ESCOLA EM FUNCIONAMENTO E SEM RESTRIÇÃO DE ATENDIMENTO|CASA DE SANTO ANTONIO DO MENOR|43194184|RS|Pelotas|Urbana|A escola não está em área de localização diferenciada|Privada|RUA DA LUZ, 12 A CENTRO. 96015-570 Pelotas - RS.|(53) 32271274|Privada|Filantrópica|Sim|Sim|Até 50 matrículas de escolarização|Educação Infantil||-31.75502|-52.33328
203716|ESCOLA EM FUNCIONAMENTO E SEM RESTRIÇÃO DE ATENDIMENTO|EMEI HERBERT JOSE DE SOUZA|43205208|RS|Pelotas|Urbana|A escola não está em área de localização diferenciada|Pública|RUA LEOPOLDO BROD, 3220 TRES VENDAS. 96070-370 Pelotas - RS.|(53) 32833015|Municipal|Não Informado|Não|Sim|Entre 51 e 200 matrículas de escolarização|Educação Infantil||-31.70609|-52.32323
203718|ESCOLA EM FUNCIONAMENTO E SEM RESTRIÇÃO DE ATENDIMENTO|ESCOLA DE EDUCACAO INFANTIL CORUJINHA|43205259|RS|Pelotas|Urbana|A escola não está em área de localização diferenciada|Privada|RUA MARECHAL DEODORO, 618 CENTRO. 96020-220 Pelotas - RS.|(53) 32250992|Privada|Particular|Não|Sim|Entre 51 e 200 matrículas de escolarização|Educação Infantil||-31.76877|-52.34492
203740|ESCOLA EXCLUSIVA DE ATIVIDADE COMPLEMENTAR|CENTRO SOCIAL URBANO AREAL|43205593|RS|Pelotas|Urbana|A escola não está em área de localização diferenciada|Privada|RUA RAFAEL PINTO BANDEIRA, 1359 CASA. AREAL. 96080-150 Pelotas - RS.|(53) 32283899|Privada|Filantrópica|Não|Sim|Escola sem matrícula de escolarização||Atividade Complementar|-31.75591|-52.33
203806|ESCOLA EM FUNCIONAMENTO E SEM RESTRIÇÃO DE ATENDIMENTO|ESC EST ENS MED DR AMILCAR GIGANTE|43206468|RS|Pelotas|Urbana|A escola não está em área de localização diferenciada|Pública|AV ZEFERINO COSTA 2690, 2690 TRES VENDAS. 96070-480 Pelotas - RS.|(53) 32836053|Estadual|Não Informado|Não|Sim|Entre 201 e 500 matrículas de escolarização|Ensino Médio||-31.70863012|-52.32760983
203933|ESCOLA EM FUNCIONAMENTO E SEM RESTRIÇÃO DE ATENDIMENTO|EEI TERNURINHA|43208240|RS|Pelotas|Urbana|A escola não está em área de localização diferenciada|Privada|RUA TIRADENTES, 2332 CENTRO. 96010-160 Pelotas - RS.|(53) 33250090|Privada|Particular|Não|Sim|Até 50 matrículas de escolarização|Educação Infantil||-31.7732|-52.33981
203934|ESCOLA EM FUNCIONAMENTO E SEM RESTRIÇÃO DE ATENDIMENTO|ESCOLA DE EDUCACAO PROFISSIONAL DIMENSAO PELOTAS|43208258|RS|Pelotas|Urbana|A escola não está em área de localização diferenciada|Privada|RUA DOM PEDRO II, 855 CENTRO. 96010-300 Pelotas - RS.|(53) 30273191|Privada|Particular|Não|Sim|Entre 501 e 1000 matrículas de escolarização|Educação Profissional||-31.76657|-52.34294
203935|ESCOLA EM FUNCIONAMENTO E SEM RESTRIÇÃO DE ATENDIMENTO|ESCOLA DE EDUCACAO PROFISSIONAL SENAC PELOTAS|43208266|RS|Pelotas|Urbana|A escola não está em área de localização diferenciada|Privada|RUA DOM PEDRO II, 901 CENTRO. 96010-300 Pelotas - RS.|(53) 32258889|Privada|Particular|Não|Sim|Entre 201 e 500 matrículas de escolarização|Educação Profissional||-31.7731|-52.3446
203936|ESCOLA EM FUNCIONAMENTO E SEM RESTRIÇÃO DE ATENDIMENTO|EMEF MARIO MENEGHETTI|43208274|RS|Pelotas|Urbana|A escola não está em área de localização diferenciada|Pública|AVENIDA QUATRO, 575 GETULIO VARGAS. TRES VENDAS. 96071-436 Pelotas - RS.|(53) 32737420|Municipal|Não Informado|Não|Sim|Entre 501 e 1000 matrículas de escolarização|Educação Infantil, Ensino Fundamental, Educação de Jovens Adultos|Atendimento Educacional Especializado, Atividade Complementar|-31.70067|-52.31
203937|ESCOLA EM FUNCIONAMENTO E SEM RESTRIÇÃO DE ATENDIMENTO|ESCOLA DE ENSINO FUNDAMENTAL FREINET|43208282|RS|Pelotas|Urbana|A escola não está em área de localização diferenciada|Privada|AVENIDA DUQUE DE CAXIAS, 99 FRAGATA. 96030-001 Pelotas - RS.|(53) 32213641|Privada|Particular|Não|Sim|Entre 51 e 200 matrículas de escolarização|Educação Infantil, Ensino Fundamental|Atendimento Educacional Especializado|-31.76305|-52.35826
203983|ESCOLA EM FUNCIONAMENTO E SEM RESTRIÇÃO DE ATENDIMENTO|CENTRO DE RECREACAO INFANTIL NOSSA TURMINHA|43208860|RS|Pelotas|Urbana|A escola não está em área de localização diferenciada|Privada|AVENIDA SAO FRANCISCO DE PAULA, 2642 AREAL. 96080-730 Pelotas - RS.|(53) 33053251|Privada|Particular|Não|Sim|Até 50 matrículas de escolarização|Educação Infantil||-31.75134|-52.32127
204488|ESCOLA EM FUNCIONAMENTO E SEM RESTRIÇÃO DE ATENDIMENTO|EMEI PROFA JACEMA RODRIGUES PRESTES|43225608|RS|Pelotas|Urbana|A escola não está em área de localização diferenciada|Pública|AVENIDA PERY RIBAS, 553 ARCO-IRIS. 96087-190 Pelotas - RS.|(53) 32776231|Municipal|Não Informado|Não|Sim|Entre 51 e 200 matrículas de escolarização|Educação Infantil|Atendimento Educacional Especializado|-31.72028|-52.30499
204591|ESCOLA EM FUNCIONAMENTO E SEM RESTRIÇÃO DE ATENDIMENTO|ESC EDUC INF BOM PASTOR - ABELUPE|43245803|RS|Pelotas|Urbana|A escola não está em área de localização diferenciada|Privada|RUA LUCIANO GALLET, 600 TRES VENDAS. 96060-500 Pelotas - RS.|(53) 32232307|Privada|Filantrópica|Sim|Sim|Entre 51 e 200 matrículas de escolarização|Educação Infantil||-31.73053|-52.32681
204934|ESCOLA EM FUNCIONAMENTO E SEM RESTRIÇÃO DE ATENDIMENTO|EEI SO TOQUINHOS|43361099|RS|Pelotas|Urbana|A escola não está em área de localização diferenciada|Privada|JORNALISTA CANDIDO DE MELO, 329 SIMOES LOPES. 96025-372 Pelotas - RS.|(53) 32291920|Privada|Particular|Não|Sim|Até 50 matrículas de escolarização|Educação Infantil||-31.7704|-52.35447
204935|ESCOLA EM FUNCIONAMENTO E SEM RESTRIÇÃO DE ATENDIMENTO|EEI BEM-TE-VI|43361102|RS|Pelotas|Urbana|A escola não está em área de localização diferenciada|Privada|RUA QUINZE DE NOVEMBRO, 914 CENTRO. 96015-000 Pelotas - RS.||Privada|Particular|Não|Sim|Até 50 matrículas de escolarização|Educação Infantil||-31.77088|-52.34512
204937|ESCOLA PARALISADA|CRECHE SANTA CASA DE MISERICORDIA DE PELOTAS|43361129|RS|Pelotas|Urbana|Não Informado|Privada|RUA GENERAL NETO, 1707 CENTRO. 96015-280 Pelotas - RS.|(53) 32844700|Privada|Não Informado|Não|||||-31.76488|-52.34742
204938|ESCOLA PARALISADA|EEI MUNDO COLORIDO|43361137|RS|Pelotas|Urbana|Não Informado|Privada|RUA GENERAL OSORIO, 458 CENTRO. 96020-000 Pelotas - RS.|(53) 30271875|Privada|Não Informado|Não|||||-31.77225|-52.34511
204970|ESCOLA EM FUNCIONAMENTO E SEM RESTRIÇÃO DE ATENDIMENTO|ASSOC BENEF CRISTA TABITA - MEU PEQUENO PARAISO|43362060|RS|Pelotas|Urbana|A escola não está em área de localização diferenciada|Privada|AVENIDA FERNANDO OSORIO, 5762 TRES VENDAS. 96070-850 Pelotas - RS.|(53) 32831833|Privada|Confessional|Não|Sim|Até 50 matrículas de escolarização|Educação Infantil||-31.70027|-52.33934
204971|ESCOLA EM FUNCIONAMENTO E SEM RESTRIÇÃO DE ATENDIMENTO|EEI TAGARELAS|43362079|RS|Pelotas|Urbana|A escola não está em área de localização diferenciada|Privada|RUA HERVAL DO SUL, 285 CASA. LARANJAL. 96090-320 Pelotas - RS.|(53) 32262108|Privada|Particular|Não|Sim|Até 50 matrículas de escolarização|Educação Infantil||-31.7612|-52.23937
204973|ESCOLA PARALISADA|CENTRO INF BRICANDO DE APRENDER|43362095|RS|Pelotas|Urbana|Não Informado|Privada|AVENIDA FERNANDO OSORIO, 742 TRES VENDAS. 96070-861 Pelotas - RS.|(53) 32733666|Privada|Não Informado|Não|||||-31.74385|-52.3426
204978|ESCOLA PARALISADA|EEI DOCE MEL|43362141|RS|Pelotas|Urbana|Não Informado|Privada|RUA LEONARDO COLLARES, 198 CENTRO. 96010-140 Pelotas - RS.|(53) 33250572|Privada|Não Informado|Não|||||-31.76192|-52.34323
204980|ESCOLA EM FUNCIONAMENTO E SEM RESTRIÇÃO DE ATENDIMENTO|EEI MUNDO CRIATIVO|43362168|RS|Pelotas|Urbana|A escola não está em área de localização diferenciada|Privada|AVENIDA PRESIDENTE JUSCELINO KUBITSCHEK DE OLIVEIRA, 3017 AREAL. 96080-084 Pelotas - RS.|(53) 30272668|Privada|Particular|Não|Sim|Até 50 matrículas de escolarização|Educação Infantil||-31.75619|-52.33139
205061|ESCOLA PARALISADA|EEI TURMINHA DA EMILIA|43367461|RS|Pelotas|Urbana|Não Informado|Privada|RUA PROFESSOR MARIO PEIRUQUE, 1067 AREAL. 96080-710 Pelotas - RS.|(53) 32282939|Privada|Não Informado|Não|||||-31.74393|-52.32098
